,Name,Cuisines,City,Rating,NumberOfReviews
0,Wakame ,"Japanese, Asian",Riyadh,4.9,20
1,Morini Italian Restaurant ,"International, Italian",Riyadh,4.5,18
2,Wakame ,"Chinese, Japanese",Jeddah,4.8,63
3,Il Baretto Italian Restaurant ,Italian,Riyadh,4.5,30
4,Vidro Lounge ,"Mediterranean, Middle Eastern",Riyadh,4.7,31
5,Tokyo Fine Dining Japanese ,Japanese,Riyadh,4.5,58
6,Pikniq Restaurant ,"International, French, Italian",Al Khobar,4.7,42
7,AOK Kitchen ,"Gluten Free Option, International",Riyadh,4.5,38
8,Entrecote Cafe de Paris ,Swiss,AlUla,4.7,20
9,Swiss Butter ,Steakhouse,Riyadh,4.5,25
10,Swiss Butter ,Steakhouse,Al Khobar,4.6,7
11,Suhail Arabic Restaurant ,"Arabic, Saudi",Riyadh,4.5,35
12,Rove By Mint ,"Italian, Mediterranean, Greek",Al Khobar,4.6,26
13,Swiss Butter ,Steakhouse,Riyadh,4.5,28
14,Daily Edition Cafe ,"Asian, International",Jeddah,4.6,24
15,Yauatcha Riyadh,Chinese,Riyadh,4.5,42
16,Entrecôte Café de Paris ,Swiss,Riyadh,4.6,27
17,Lusin Armenian Restaurant ,Armenian,Riyadh,4.5,41
18,Lusin Armenian Restaurant ,"Armenian, Turkish, Vegetarian",Al Khobar,4.6,18
19,Suhail Restaurant ,"Arabic, Saudi",AlUla,4.5,12
20,Swiss Butter ,Steakhouse,Riyadh,4.6,19
21,Swiss Butter ,Steakhouse,Jeddah,4.5,25
22,Lotus Restaurant ,"Chinese, Japanese, Asian",Riyadh,4.5,28
23,Early Club ,,Jeddah,4.5,19
24,The Morning Call ,"Breakfast, Brunch",Jeddah,4.5,14
25,Bouna Sera ,"Cafe, Coffee & Tea, Desserts",Makkah,4.5,12
26,Brooklyn ,American,Jeddah,4.5,6
27,Al Shurfa Lounge ,"Cafe, Coffee & Tea, Desserts",Jeddah,4.5,10
28,Al Faiha Restaurant ,"Asian, International, Vegetarian",Makkah,4.5,5
29,Down Street Cafe and Diner ,"Bakery, Cafe, Coffee & Tea",Al Khobar,4.5,2
30,Leo Cafe ,"Cafe, Coffee & Tea, Desserts",Makkah,4.5,2
31,Elemental ,International,Riyadh,4.5,14
32,Mazaq Cafe ,"Cafe, Coffee & Tea, Fine Dining",Makkah,4.5,2
33,JW Steakhouse ,"Fine Dining, Steakhouse",Riyadh,4.5,12
34,The Capital Lounge ,International,Riyadh,4.3,16
35,Upper Burger ,American,Jeddah,4.5,11
36,SO Fleur ,"French, Mediterranean",Riyadh,4.3,8
37,Smar ,"Cafe, Coffee & Tea, Desserts",AlUla,4.5,5
38,Cafe RUC ,French,AlUla,4.3,3
39,Masar Yafour Restaurant ,International,AlUla,4.5,2
40,WOOP ,"Cafe, Coffee & Tea, Fast Food",AlUla,4.3,5
41,Crustacean ,"Asian, Vietnamese",Jeddah,4.5,9
42,Forno Del Buffone ,Italian,Riyadh,4.3,8
43,Cajun Shrimp ,Seafood,Jeddah,4.5,8
44,Lexus F Club Lounge ,"Cafe, Coffee & Tea, Desserts",Jeddah,4.2,26
45,Locatcho Pastry ,"Cafe, Coffee & Tea, Desserts",Jeddah,4.5,9
46,Saltz Restaurant ,International,Jeddah,4.2,5
47,Alishaan ,"Chinese, Indian",Madinah,4.5,5
48,Juice Time Plus ,Juice Bar,Riyadh,3.9,5
49,Shababïk ,Lebanese,Riyadh,5.0,5
50,Saddle House ,Middle Eastern,Riyadh,5.0,5
51,Parkers ,American,Riyadh,5.0,5
52,Cultivo Cafe and Roastry ,,Makkah,5.0,16
53,In Love Coffee Cafe ,"Arabic, International",Riyadh,5.0,9
54,Shawbr Restaurant ,"American, International",Makkah,5.0,15
55,Macs Eatery ,"American, International, Mexican",Dammam,4.9,37
56,Avo Restaurant ,International,Jeddah,4.5,43
57,The Alt B Keto ,Keto,Jeddah,4.9,43
58,Taste of China ,Chinese,Jeddah,4.5,35
59,Coffee Broker ,"Cafe, Coffee & Tea, Desserts",Jeddah,4.9,10
60,Coffee Extraction ,"Cafe, Coffee & Tea, Desserts",Makkah,4.5,14
61,Ziryab Cafe ,"Cafe, Coffee & Tea, Desserts",Makkah,4.9,17
62,Malath Coffee ,"Cafe, Coffee & Tea, Desserts",Riyadh,4.5,13
63,Burger Square ,American,Riyadh,4.9,18
64,Fish and More ,Seafood,Riyadh,4.5,13
65,Asmak Wadi El Nile ,Egyption,Riyadh,4.9,16
66,Shrimp Vibes ,Seafood,Riyadh,4.5,7
67,Asian Taste Restaurant ,"Asian, Chinese, Korean",Riyadh,4.9,16
68,Wagyumafia ,Japanese,Riyadh,4.5,14
69,Buttermilk Restaurant ,,Riyadh,4.9,16
70,Wakame ,"Japanese, Asian",Riyadh,4.5,20
71,Sushiah ,Japanese,Jeddah,4.9,14
72,Hoti,International,Jeddah,4.5,12
73,The Spice Route ,Indian,Jeddah,4.9,7
74,Mahmood Kebab ,Asian,Madinah,4.5,9
75,Mashi No Mashi ,"Japanese, Chinese",Jeddah,4.9,14
76,Fish Eater ,Arabic,Jeddah,4.5,11
77,Starbucks ,American,Jeddah,4.9,9
78,Mavi Restaurant ,International,Jeddah,4.5,43
79,Maiz Restaurant ,"Arabic, Saudi",Riyadh,4.9,28
80,Jar Restaurant ,International,Riyadh,4.5,48
81,Wildfire Brazilian Steakhouse ,Brazilian,Riyadh,4.9,54
82,Koi Japanese Peruvian Restaurant,Japanese,Riyadh,4.5,51
83,A1 Cafe and Restaurant ,Turkish,Makkah,4.9,13
84,F6or Faris Breakfast Restaurant ,"American, Arabic, International",Makkah,4.5,19
85,Century burger Restaurant ,American,Makkah,4.9,45
86,Voi Lounge and Restaurant ,"American, International, Italian",Makkah,4.5,32
87,Moma’s Restaurant ,"Breakfast, Coffee & Tea, Desserts",Dammam,4.8,53
88,Amaly Indian Restaurant ,Indian,Riyadh,4.5,29
89,Outback Steakhouse ,"Barbeque & Grill, Steakhouse",Riyadh,4.8,41
90,IL Cafe ,Italian,Jeddah,4.5,12
91,Indah Asia Kitchen ,"International, Indonesian",Jeddah,4.8,26
92,Meer Cafe ,"Cafe, Coffee & Tea, Desserts",Jeddah,4.5,17
93,El Farouki Coffee ,"Cafe, Coffee & Tea, Desserts",Jeddah,4.8,16
94,La Gondola Italian Restaurant ,"Italian, Vegetarian",Al Khobar,4.5,32
95,Come to Momma ,"American, International, Italian",Dammam,4.8,38
96,Elk Cafe ,"Cafe, Coffee & Tea, Desserts",Makkah,4.5,32
97,It Caffè ,International,Jeddah,4.8,49
98,3As Cafe ,"Cafe, Coffee & Tea, Desserts",Makkah,4.5,19
99,Azure Restaurant ,Spanish,Riyadh,4.8,32
100,Al Bustan Coffee ,"Cafe, Coffee & Tea, Desserts",Makkah,4.5,12
101,La Gita Restaurant ,"Mediterranean, International",Riyadh,4.8,48
102,The Butcher Shop & Grill ,"Barbeque & Grill, Fine Dining, Steakhouse",Riyadh,4.5,53
103,Chef Ahmed Cafe ,International,Riyadh,4.8,33
104,Cone and Co ,"Cafe, Coffee & Tea, Desserts",Makkah,4.5,10
105,Rasoi by Vineet ,Indian,Jeddah,4.8,27
107,ROKA Riyadh ,Japanese,Riyadh,4.8,29
108,Rusafa Restaurant ,"Arabic, Lebanese, Middle Eastern",Madinah,4.5,17
109,Memaz Restaurant and Cafe ,"Lebanese, Mediterranean, Middle Eastern",Madinah,4.8,22
110,Shrimp Shack ,"Seafood, Takeout",Riyadh,4.5,33
111,Takya Restaurant ,"Arabic, Saudi",Riyadh,4.8,30
112,The Quarter Restaurant,"International, Arabic, Asian",Jeddah,4.5,11
113,Ruya ,Turkish,Riyadh,4.8,25
114,Taim Cafe ,"Cafe, Coffee & Tea, Desserts",Riyadh,4.5,17
115,Lena Lu ,"Cafe, Coffee & Tea, Desserts",Riyadh,4.8,16
116,Gymkhana ,Indian,Riyadh,4.5,26
117,Hustle N Flow ,International,Riyadh,4.8,26
118,Al Mamlaka Social Dining ,"Asian, International, Italian",Riyadh,4.5,30
119,Hong Restaurant ,Chinese,Riyadh,4.8,8
120,Nando's ,"African, Portuguese",Riyadh,4.5,20
121,Carbone Riyadh ,,Riyadh,4.8,5
122,Zalata ,"Arabic, Saudi",AlUla,4.5,11
123,Jamil's Restaurant ,,Madinah,4.8,20
124,Pairidaēza ,"Mediterranean, Middle Eastern",Riyadh,4.5,12
125,Maritime ,"Asian, French",Jeddah,4.8,11
126,Tikka Time ,Indian,Jeddah,4.5,6
127,San Marzano ,Italian,Riyadh,4.8,5
128,Balkan Cevapi ,Balkan,Riyadh,4.5,6
129,Safeen ,Seafood,Jeddah,4.8,17
130,Emmy Squared Pizza ,"American, Italian",Jeddah,4.5,24
131,Madeo Ristorante ,Italian,Jeddah,4.8,16
132,Le Vesuvio ,"Italian, Mediterranean",Jeddah,4.5,26
133,Asador de Aranda ,Spanish,Riyadh,4.8,13
134,Artist Cafe ,"Cafe, Coffee & Tea, Desserts",Jeddah,4.5,13
135,Nour Cafe ,"Cafe, Coffee & Tea, Desserts",Jeddah,4.8,5
136,White Robata ,"Fine Dining, Seafood",Riyadh,4.5,5
137,The Red Fox ,"British, International",Jeddah,4.8,5
138,Don Ruben’s Mexican Restaurant ,Mexican,Riyadh,4.5,5
140,Gurkan Sef Steakhouse Restaurant ,Turkish,Makkah,4.5,43
141,Relish Joy of Taste Restaurant ,"American, International",Makkah,4.8,36
142,Sura Korean Restaurant ,Korean,Jeddah,4.5,35
143,Rawaq Cafe and Coffee House ,Spanish,Makkah,4.8,75
144,Cup and Dice Cafe ,International,Makkah,4.5,19
145,Obsess Cafe ,"Cafe, Coffee & Tea, Desserts",Makkah,4.7,20
146,Catch 22  Restaurant ,"Arabic, International",Riyadh,4.5,51
147,Coffee Leaf for Specialty Coffee ,"Cafe, Coffee & Tea, Desserts",Makkah,4.7,18
148,My Dream Coffee Shop ,"Cafe, Coffee & Tea, Desserts",Makkah,4.5,43
149,Pattis Restaurant and Cafe ,"Greek, International, Italian",Riyadh,4.7,31
150,Scampi Restaurant ,International,Makkah,4.5,14
151,Draish Saudi Restaurant ,Arabic,Dammam,4.7,29
152,Poplars Salon De The' ,International,Riyadh,4.5,14
153,Darbat Muealam Restaurant ,Lebanese,Makkah,4.7,21
154,Outback Steakhouse ,American,Jeddah,4.5,44
155,Frais & Fresh ,"Bakery, Cafe, Coffee & Tea",Jeddah,4.7,42
156,Roshan Cafe ,"Cafe, Coffee & Tea, Desserts",Makkah,4.5,25
157,Cup and Brush Cafe ,"Cafe, Coffee & Tea, Desserts",Makkah,4.7,20
158,Buntone Burgers ,American,Jeddah,4.5,35
159,Osta Sandwich ,American,Jeddah,4.7,22
160,Lyon 67 Cafe and Restaurant ,Lebanese,Jeddah,4.5,26
161,Gloria Cafe ,"Breakfast, Cafe, Coffee & Tea",Jeddah,4.7,11
162,Fresh Fish Market ,Arabic,Jeddah,4.5,35
163,Soma Sushi Bar ,Japanese,Riyadh,4.7,37
164,One Degree Café ,"Cafe, Coffee & Tea, Fine Dining",Riyadh,4.5,6
165,HW Cake & Coffee ,"Cafe, Coffee & Tea, Desserts",Makkah,4.7,25
166,Benedict ,"Cafe, Coffee & Tea, Desserts",Makkah,4.5,32
167,Aromi Restaurant ,"Italian, Vegetarian",Jeddah,4.7,24
168,All Day ,"Bakery, Breakfast, Cafe",Dammam,4.5,22
169,Raffles Creamery ,"American, International",Makkah,4.7,12
170,Shubaikah Cafe ,International,Makkah,4.5,16
171,50 Degrees Espresso House ,"Cafe, Coffee & Tea, Desserts",Makkah,4.7,23
172,Al Masaa Cafe ,"Cafe, Coffee & Tea, Desserts",Riyadh,4.5,32
173,Swinging Cafe ,"Breakfast, Cafe, Coffee & Tea",Makkah,4.7,6
175,Falla ,International,Riyadh,4.7,32
176,Chez Bruno ,French,Riyadh,4.5,23
177,Zafran Indian Bistro ,Indian,Riyadh,4.7,25
178,Ashar Breeze Cafe ,"Cafe, Coffee & Tea, Desserts",AlUla,4.5,13
179,Scott's ,British,Riyadh,4.7,20
180,Draft Cafe ,"Cafe, Coffee & Tea, Desserts",Riyadh,4.5,7
181,Via Mercato ,"International, Italian, Japanese",Riyadh,4.7,16
182,NABOB ,American,Riyadh,4.5,13
183,JW Glass Garden ,"International, Middle Eastern, Vegetarian",Riyadh,4.7,9
184,Olive Garden ,"Italian, Vegetarian",Jeddah,4.5,15
185,Mayrig ,Armenian,Riyadh,4.7,17
186,Fayoomi ,Middle Eastern,Jeddah,4.5,20
187,El Panero Fine Dining Restaurant,,Al Khobar,4.7,10
188,Entrecôte Café de Paris ,"French, Swiss",Riyadh,4.5,7
189,Circle Section ,American,Jeddah,4.7,18
190,Myazu Japanese Restaurant ,Japanese,Jeddah,4.5,20
191,Biryani Gate Restaurant ,"Indian, Pakistani",Jeddah,4.7,20
192,Le Comptoir de Nicole ,"French, Mediterranean",Jeddah,4.5,26
193,Nobu ,"Japanese, Peruvian",Jeddah,4.7,18
194,Al Bahar Fisheries ,Arabic,Jeddah,4.5,9
196,Sky View Cafe ,"Cafe, Coffee & Tea, Desserts",Jeddah,4.5,27
197,Somosays Pizza ,Italian,Jeddah,4.7,22
198,Fuji Japanese Restaurant ,Japanese,Jeddah,4.5,24
199,Signature Juices ,"Juice Bar, Takeout",Jeddah,4.7,56
200,Le Maschou Restaurant ,"French, International",Riyadh,4.5,30
201,Myazu Japanese Restaurant ,Japanese,Riyadh,4.7,41
203,Cacti ,"Arabic, International",Riyadh,4.7,58
204,Café Bateel ,Arabic,Riyadh,4.5,62
205,La Brasserie ,"International, American, Asian",Riyadh,4.7,48
206,Rusafa Arabic Lebanese Middle Eastern Restaurant,"Arabic, Lebanese, Middle Eastern",Madinah,4.5,35
207,Woktime Italian Japanese Thai Restaurant ,"Italian, Japanese, Thai",Madinah,4.7,51
208,Agate International Restaurant,International,Madinah,4.5,48
209,Toscana Italian Restaurant ,Italian,Madinah,4.6,25
210,The Butcher Shop and Grill Restaurant ,"American, International",Jeddah,4.5,38
211,Century Burger Restaurant ,"American, International",Jeddah,4.6,42
212,Blue Ocean Restaurant ,American,Jeddah,4.5,50
213,The Meating Cafe & Restaurant ,"American, Italian, Spanish",Makkah,4.6,25
214,Chef Ahmed Cafe,"American, Italian, Arabic",Jazan,4.5,27
215,Caffe Aroma ,"International, Italian",Jeddah,4.6,41
216,Zafran Indian Bistro ,"Chinese, Indian, Asian",Riyadh,4.5,34
217,TSC Signature Restaurant ,"American, International",Jeddah,4.6,17
218,OKKU Japanese Restaurant ,Japanese,Riyadh,4.5,29
219,Burger Boutique ,American,Riyadh,4.6,41
220,Café Bateel ,Arabic,Riyadh,4.5,42
221,September Cafe ,International,Makkah,4.6,18
222,Zeeka Cafe ,"Coffee & Tea, Cafe, Desserts",Makkah,4.5,29
223,Brew 92 Cafe ,"Breakfast, Cafe, Coffee & Tea",Makkah,4.6,25
224,Khosh Hal Pakistani Restaurant ,Pakistani,Jeddah,4.5,58
225,Melting Burgers Restaurant ,American,Makkah,4.6,19
226,Pikniq Restaurant ,"International, French, Italian",Al Khobar,4.5,42
227,Naya Daur Indian Restaurant ,Indian,Al Khobar,4.6,39
228,Sakura Japanese Restaurant ,Japanese,Jeddah,4.5,41
229,Dragon Chineese Restaurant ,"Chinese, Indian, International",Madinah,4.6,27
230,Ruby Sandwich Station ,Italian,Makkah,4.5,21
231,Hungry Hub ,American,Makkah,4.6,8
232,Fogo de Chão Brazilian Steak House ,Brazilian,Jeddah,4.5,46
233,Rainbow Freezo ,International,Jeddah,4.6,34
234,Casper & Gambini's ,International,Jeddah,4.5,36
235,Solitaire World Cafe,"Cafe, Coffee & Tea, Desserts",Makkah,4.6,8
236,Sinless Cafe,"Bakery, Barbeque & Grill, Cafe",Jeddah,4.5,27
237,Starbucks Coffee Shop ,"Cafe, Coffee & Tea, Desserts",Makkah,4.6,43
238,PF Chang's Restaurant ,"American, Chinese",Jeddah,4.5,51
239,Reverse Restaurant ,"American, International",Jeddah,4.6,78
240,Habits ,"Coffee & Tea, Desserts, Fine Dining",Dammam,4.5,37
241,Khayal Restaurant,"Middle Eastern, Turkish",Jeddah,4.6,37
242,Neuron Cafe ,"Cafe, Coffee & Tea, Desserts",Makkah,4.5,30
243,Zushi Restaurant ,"International, Japanese",Dammam,4.6,37
244,A Plus Speciality Coffee ,"Breakfast, Cafe, Coffee & Tea",Al Khobar,4.5,35
245,Beef & Wild ,American,Jeddah,4.6,41
246,The Grub Shack ,American,Riyadh,4.5,15
247,Black Potion ,"Breakfast, Cafe, Coffee & Tea",Jeddah,4.6,31
248,L'Avenue Restaurant ,International,Jeddah,4.5,51
249,Over Burger ,American,Riyadh,4.6,28
250,Kiffa Coffee Roasters ,"Cafe, Coffee & Tea, Desserts",Madinah,4.5,32
251,Bicicleta ,International,Jeddah,4.6,14
252,Tim Hortons ,"Cafe, Coffee & Tea, Desserts",Makkah,4.5,50
253,Pizza Art ,Italian,Jeddah,4.6,45
254,Bayaz ,"American, Italian, Lebanese",Taif,4.5,13
255,Boho Restaurant and Cafe ,"American, Arabic, International",Taif,4.6,39
256,Century Burger  ,American,Riyadh,4.5,44
257,Scarface Lounge ,"International, Middle Eastern",Dammam,4.6,40
258,Rotana Restaurant ,"Arabic, Asian, Indian",Madinah,4.5,29
259,The Monkey's Lounge ,"American, French",Jeddah,4.6,33
260,Fat Steaks ,"American, Mexican, Turkish",Jeddah,4.5,34
261,Sketch Burger ,American,Jeddah,4.6,25
262,Nafora Restaurant ,International,Jeddah,4.5,26
263,Pampa Grill Steakhouse ,"American, International",Jeddah,4.6,37
264,Al Bayt Restaurant ,International,Makkah,4.5,44
265,Noug Cafe ,International,Jeddah,4.6,24
266,Cafe Milano ,"Italian, International",Jeddah,4.5,24
267,Hunt Coffee ,"Cafe, Coffee & Tea, Desserts",Jeddah,4.6,8
268,Makan Indian Restaurant ,Indian,Jeddah,4.5,25
269,Al Orjouan Restaurant ,"Arabic, International, Lebanese",Riyadh,4.6,23
270,Sultan's Steakhouse ,"American, Mexican, Turkish",Riyadh,4.5,29
271,Sulala Speciality Cafe ,"Cafe, Coffee & Tea, Desserts",Makkah,4.6,12
272,Bamboo Garden Cafe ,"Cafe, Coffee & Tea, Desserts",Jeddah,4.5,11
273,Al Rabea Restaurant ,Turkish,Riyadh,4.6,22
274,Ward Restaurant ,Lebanese,Riyadh,4.5,31
275,Lumiere Lounge ,"International, American, Italian",Dammam,4.6,19
277,Brunch and Cake ,International,Riyadh,4.6,34
278,Urth Caffe ,"American, International",Riyadh,4.5,26
279,Fez Moroccan Restaurant ,Morrocan,Riyadh,4.6,21
280,Meatin Grill's Korean BBQ ,Korean,Riyadh,4.5,32
281,Cake Me Out ,"Cafe, Coffee & Tea, Desserts",Riyadh,4.6,28
282,Zafran Indian Bistro ,Indian,Riyadh,4.5,27
283,Sahtein Restaurant ,"Lebanese, Mediterranean",Makkah,4.6,23
284,Gallery Cafe ,International,Riyadh,4.5,27
285,Entrecote Cafe de Paris ,Swiss,AlUla,4.6,20
286,Lily Restaurant ,Breakfast,Riyadh,4.5,18
287,Almajles Al Khaleeji Restaurant ,Arabic,Riyadh,4.6,18
288,Villa Mamas ,"Arabic, Middle Eastern, Lebanese",Riyadh,4.5,25
289,Les Deux Magots ,French,Riyadh,4.6,20
290,Nando's ,"Spanish, Portuguese",Riyadh,4.5,28
291,Robata ,Japanese,Riyadh,4.6,35
292,Raoul's ,"American, French",Riyadh,4.5,21
293,COYA ,"Japanese, Latin American, Peruvian",Riyadh,4.6,32
294,Chi Spacca ,"American, Italian",Riyadh,4.5,23
295,AVAK ,"Mediterranean, Middle Eastern",Riyadh,4.6,14
296,Monopoly ,Italian,Riyadh,4.5,26
297,Daimumah Restaurant ,"Arabic, Saudi",AlUla,4.6,15
298,Yakinikumafia ,Japanese,Riyadh,4.5,12
299,Baco ,"Latin American, Mexican, Asian",Riyadh,4.6,15
300,Bianca ,"French, Mediterranean",Riyadh,4.5,25
301,Hot N Spicy Grill ,Pakistani,Jeddah,4.6,12
302,Sobhy Kaber ,,Riyadh,4.5,15
303,The Lounge ,"International, Middle Eastern",Riyadh,4.6,22
304,Pronto Restaurant ,Italian,Jeddah,4.5,14
305,BEING ,American,AlUla,4.6,7
306,La Palma ,International,AlUla,4.5,20
307,The Carnivore ,"Arabic, Middle Eastern, Saudi",Riyadh,4.6,8
308,Niyyali ,Lebanese,Jeddah,4.5,20
309,Swiss Butter ,Steakhouse,Riyadh,4.6,25
310,Swiss Butter ,Steakhouse,Al Khobar,4.5,7
311,ROKA Jeddah ,Japanese,Jeddah,4.6,27
312,Josef Yozef Coffee House ,"Bakery, Cafe, Coffee & Tea",Jeddah,4.5,17
313,Olive Tree Restaurant ,International,Jeddah,4.6,21
314,The Shell Cafe ,"Cafe, Coffee & Tea, Desserts",Jeddah,4.5,13
315,Al Moltaqa Café ,"Cafe, Coffee & Tea, Desserts",Jeddah,4.6,23
316,Pampas Restaurant ,"Brazilian, International",Jeddah,4.5,28
317,Al Liwan Restaurant ,International,Jeddah,4.6,9
318,Beefbar ,International,Riyadh,4.5,18
319,Daawat ,Indian,Jeddah,4.6,5
320,Najd Village Traditional Arabic Restaurant ,"Arabic, Saudi",Riyadh,4.5,68
321,Suhail Arabic Restaurant ,"Arabic, Saudi",Riyadh,4.6,35
322,Canvas American and Italian Restaurant ,"Italian, Japanese, American",Riyadh,4.5,32
323,Piatto Italian Restaurant,Italian,Riyadh,4.6,62
324,Ekleel Lebanese Restaurant ,"Arabic, Lebanese",Riyadh,4.5,35
325,Häagen,International,Riyadh,4.6,44
326,Valenti's Italian Restaurant,Italian,Madinah,4.5,28
327,Cacao And More Restaurant ,"International, Italian, Vegetarian",Madinah,4.5,43
328,Sadafat Seafood Restaurant ,"Egyption, International",Madinah,4.5,35
329,Nando’s Restaurant ,International,Jeddah,4.5,50
330,Mama Ghanouj Lebanese Restaurant ,"Arabic, Lebanese, Middle Eastern",Madinah,4.5,37
331,Texas Burger Restaurant ,American,Makkah,4.5,19
332,Hekaya Tabaq Restaurant ,"American, Italian",Makkah,4.5,11
333,Egyptian Story Restaurant ,Egyption,Makkah,4.5,45
334,Quick Restaurant ,"American, Arabic, International",Jazan,4.5,19
335,Me N You ,International,Riyadh,4.5,45
336,Taksim Point Turkish Restaurant ,Turkish,Jeddah,4.5,73
337,Ohayou Cafe and Restaurant ,"American, Arabic, Japanese",Riyadh,4.5,41
338,Lamb Chef Arabic Restaurant ,"Arabic, Middle Eastern",Madinah,4.5,37
339,Dr Cafe Coffee ,International,Riyadh,4.5,68
340,Lucca Steakhouse ,International,Riyadh,4.5,40
341,Doos Cafe ,"Arabic, Turkish",Makkah,4.5,33
342,Caribbean Delight Restaurant ,American,Makkah,4.5,20
343,Kraweeta Cafe and Lounge ,"Arabic, International",Makkah,4.5,27
344,Asante Coffee Shop and Cafe,"Breakfast, Cafe, Coffee & Tea",Makkah,4.5,24
345,Al Tandoor Indian Restaurant ,Indian,Makkah,4.5,39
346,Karam Beirut ,"Lebanese, Arabic, Middle Eastern",Jeddah,4.5,39
347,Miknan Sandwich Restaurant ,Arabic,Makkah,4.5,13
348,Bamboo Kitchen Restaurant ,"Chinese, Thai",Dammam,4.5,40
349,La Romana dal 1947 Cafe ,Italian,Riyadh,4.5,43
350,Parker’s Beach House Restaurant ,"American, International",Al Khobar,4.5,36
351,Sikka 22 Breakfast Restaurant ,"Arabic, Middle Eastern",Al Khobar,4.5,27
352,Camellia Lounge ,International,Riyadh,4.5,28
353,Libra Lounge ,International,Jeddah,4.5,24
354,Alnadeg Arabic Restaurant,Arabic,Taif,4.5,30
355,Cafe Bateel ,Middle Eastern,Jeddah,4.5,41
356,Cafe Moment ,"Breakfast, Cafe, Coffee & Tea",Makkah,4.5,53
357,Brioché Gourmet Eatery ,"Barbeque & Grill, Breakfast, Cafe",Jeddah,4.5,37
358,Q Cafe ,"Cafe, Coffee & Tea, Desserts",Makkah,4.5,6
359,Prof Cafe ,"Breakfast, Coffee & Tea, Desserts",Makkah,4.5,11
360,Trio Restaurant Cafe ,"Bakery, Breakfast, Coffee & Tea",Al Khobar,4.5,41
361,Da Bao Restaurant ,"Chinese, Japanese, Thai",Jeddah,4.5,35
362,Aghatti Restaurant ,Arabic,Al Khobar,4.5,42
363,Bait Sheikh Burger ,American,Makkah,4.5,6
364,Kastero Restaurant ,Japanese,Jeddah,4.5,19
365,Samad  Broast ,"Arabic, American",Makkah,4.5,21
366,The Smokehouse ,"American, International",Jeddah,4.5,31
367,Commander Cafe Coffee Shop ,"Cafe, Coffee & Tea, Desserts",Makkah,4.5,20
368,The Pantry Restaurant ,International,Al Khobar,4.5,54
369,Saaty Su ,"Barbeque & Grill, Fine Dining, Takeout",Makkah,4.5,24
370,Shouq Al Sham restaurant  ,"Mediterranean, Middle Eastern",Makkah,4.5,38
371,The Two Restaurant ,"American, International",Riyadh,4.5,30
372,Mr Hakan’s Turkish Restaurant ,"Turkish, Vegetarian",Jeddah,4.5,37
373,Sattooff Restaurant ,American,Jeddah,4.5,27
374,Tamees 09 ,Arabic,Jeddah,4.5,37
375,White Garden ,"International, Italian, American",Riyadh,4.5,31
376,Strawberry and Cheese,"Cafe, Coffee & Tea, Desserts",Jeddah,4.5,15
377,Oak Smokehouse ,"American, International",Al Khobar,4.5,33
378,Jimmy's Killer Prawns ,"American, International",Al Khobar,4.5,30
379,1610 Bagel ,American,Jeddah,4.5,33
380,Good Hood Cafe ,"Bakery, Breakfast, Cafe",Jeddah,4.5,37
381,Community Cafe ,"Bakery, Cafe, Coffee & Tea",Jeddah,4.5,12
382,Cafe 60 Speciality Coffee ,Arabic,Riyadh,4.5,24
383,Whip Coffee and Fruit Bar ,Chinese,Jeddah,4.5,23
384,Bandage Cafe ,International,Jeddah,4.5,19
385,Sara Ladies Cafe ,"Keto, Vegetarian",Jeddah,4.5,24
386,Maceo Italian Restaurant ,Italian,Al Khobar,4.5,39
387,Rove By Mint ,"Italian, Mediterranean, Greek",Al Khobar,4.5,26
388,Charr Restaurant ,"Arabic, Middle Eastern",Jeddah,4.5,22
389,Rootura ,"American, Arabic, French",Riyadh,4.5,40
390,Meez restaurant ,Middle Eastern,Jeddah,4.5,32
391,Swaj Coffee Roaster ,"Cafe, Coffee & Tea, Desserts",Al Khobar,4.5,39
392,Masharef Tea Lounge ,International,Makkah,4.5,53
393,Diwan Lounge ,"Cafe, Coffee & Tea, Desserts",Makkah,4.5,68
394,Sushih Japanese Restaurant ,Japanese,Riyadh,4.5,34
395,Al Khairat Restaurant ,"International, Arabic, Asian",Makkah,4.5,17
396,Triple RRR Coffee  ,"Cafe, Coffee & Tea, Desserts",Jeddah,4.5,21
397,Al Hakawati Restaurant ,"Middle Eastern, Arabic",Jeddah,4.5,23
398,Novikov Restaurant ,"Japanese, Italian",Jeddah,4.5,30
399,Aram Restaurant ,"Lebanese, Middle Eastern",Jeddah,4.5,20
400,Mykonos Bistro ,"Mediterranean, Greek, Vegetarian",Jeddah,4.5,22
401,Molten Chocolate Cafe ,"Cafe, Coffee & Tea, Desserts",Jeddah,4.5,55
402,Zamzam Cafe ,"Cafe, Coffee & Tea, Desserts",Makkah,4.5,55
403,Atyaf Restaurant ,"International, Asian, Lebanese",Makkah,4.5,21
404,RBZ ,American,Jeddah,4.5,30
405,Pause Cafe ,"Cafe, Coffee & Tea, Desserts",Makkah,4.5,11
406,Smoked Hub ,"American, International",Jeddah,4.5,15
407,Piani Speciality Coffee ,"Cafe, Coffee & Tea, Desserts",Riyadh,4.5,22
408,Red Bus London Cafe ,"Cafe, Coffee & Tea, Desserts",Al Khobar,4.5,12
409,Al Romansiah ,"Arabic, Saudi",Riyadh,4.5,2
410,Khayal Restaurant ,"Lebanese, Middle Eastern",Makkah,4.5,31
411,Soul Speciality Coffee ,"Cafe, Coffee & Tea, Desserts",Madinah,4.5,15
412,Pitcher Cafe ,"Cafe, Coffee & Tea, Desserts",Madinah,4.5,18
413,The Living Room ,"Cafe, Coffee & Tea, Desserts",Riyadh,4.5,22
414,Eloge Cafe and Restaurant ,French,Riyadh,4.5,37
415,Sadelle's Riyadh ,"American, International",Riyadh,4.5,32
416,Pasticceria Cova ,Italian,Riyadh,4.5,36
417,Black Tap ,"Burger, Coffee & Tea, Desserts",Riyadh,4.5,30
418,Long Chim ,Thai,Riyadh,4.5,28
419,Al Nakheel Cafe ,"Arabic, Lebanese, Mediterranean",AlUla,4.5,13
420,Somewhere ,"Arabic, Lebanese, Mediterranean",AlUla,4.5,31
421,Circolo Restaurant ,Italian,AlUla,4.5,22
422,Go Greek ,"Cafe, Coffee & Tea, Desserts",Riyadh,4.5,24
423,Altopiano ,Italian,Riyadh,4.5,43
424,Bloom ,International,Riyadh,4.5,16
425,Myazu Japanese Restaurant ,Japanese,AlUla,4.5,15
426,Billionaire Restaurant ,"Asian, International, Italian",Riyadh,4.5,15
427,Hualan Restaurant ,Chinese,Riyadh,4.5,20
428,Wacafe ,"Cafe, Coffee & Tea, Desserts",Riyadh,4.5,16
429,Somewhere Restaurant ,"Arabic, Middle Eastern",Riyadh,4.5,38
430,Pizzeria Da Mimmo ,Italian,Riyadh,4.5,30
431,Saffron Thai Restaurant ,Thai,AlUla,4.5,20
432,Regal Burger ,American,Riyadh,4.5,30
433,Iris Cafe ,International,Riyadh,4.5,20
434,Wister ,American,Riyadh,4.5,14
435,Joan's on Third ,"American, International",Riyadh,4.5,20
436,ACA Burger ,American,AlUla,4.5,12
437,Kintan ,Japanese,Riyadh,4.5,30
438,Brute ,Latin American,Riyadh,4.5,11
439,Finzione da Pizza ,Italian,Riyadh,4.5,12
440,Flamingo Room ,African,Riyadh,4.5,20
441,V Restaurant ,Italian,Riyadh,4.5,15
442,Misora ,Japanese,Jeddah,4.5,15
443,Gleam Pizzeria ,Italian,Riyadh,4.5,10
444,Al Mangal ,Lebanese,Jeddah,4.5,13
445,La Città Steakhouse ,Italian,Riyadh,4.5,11
446,Le Beurre Bakery ,"Bakery, Cafe, Coffee & Tea",Jeddah,4.5,11
447,Zok Restaurant ,Pakistani,Jeddah,4.5,11
448,Pink Camel Pastry Boutique ,"Arabic, Greek, International",AlUla,4.5,10
449,Lorenzo Pizza ,"American, Italian",Riyadh,4.5,11
450,Niwa ,"Cafe, Coffee & Tea, Desserts",Jeddah,4.5,21
451,Lupa Pizzeria ,Italian,Jeddah,4.5,13
453,Royal Kunafa ,Arabic,Jeddah,4.5,18
454,RBG Restaurant ,International,Jeddah,4.5,46
455,Daily Edition Cafe ,"Asian, International",Jeddah,4.5,24
456,Bouji Chemex Cafe ,"Cafe, Coffee & Tea, Desserts",Jeddah,4.5,17
457,Baker and Spice ,"International, Mediterranean",Jeddah,4.5,33
458,The California Burger ,American,Jeddah,4.5,40
459,Yauatcha Riyadh,Chinese,Riyadh,4.5,42
460,Entrecôte Café de Paris ,Swiss,Riyadh,4.5,27
461,Joe and The Juice ,American,Riyadh,4.5,4
462,Ruhi Indian Cuisine ,Indian,Riyadh,4.5,37
463,L'Eto Coffee House and Bakery ,International,Riyadh,4.5,36
464,Lavash Armenian Restaurant ,Armenian,Riyadh,4.5,50
465,Circa International Cuisine Restaurant ,International,Jeddah,4.5,40
466,Delchini Lounge Turkish Restaurant ,"Arabic, Lebanese, Turkish",Madinah,4.5,29
467,Woods Cafe & Coffee House,"American, Arabic, Turkish",Makkah,4.4,54
468,Dakatna Cafe & Coffee House,Spanish,Makkah,4.5,36
469,Applebee's American Restaurant ,,Jazan,4.4,38
470,Back Street Restaurant ,,Jazan,4.5,14
471,Mister 01 Pizza Italian Restaurant ,Italian,Riyadh,4.4,19
472,The Los Angeles Chocolate Bar Restaurant ,"American, International",Riyadh,4.5,33
473,Gold Sushi Club Japanese Restaurant ,"Japanese, Turkish",Jeddah,4.4,58
474,Teqahwa Cafe,International,Madinah,4.5,55
475,The Italian Restaurant ,Italian,Madinah,4.4,49
476,Shobak Restaurant ,Breakfast,Makkah,4.5,29
477,Dokan coffee ,"Cafe, Coffee & Tea, Desserts",Makkah,4.4,10
478,Al Romansiah Arabic Restaurant ,"Arabic, Saudi",Jeddah,4.5,56
479,3rd Street Cafe and Restaurant ,"American, International",Al Khobar,4.4,49
480,Sunroom Cafe and Restaurant ,"American, International",Al Khobar,4.5,36
481,Annabella Italian Restauant ,Italian,Riyadh,4.4,23
482,Mood Address Cafe,"Cafe, Coffee & Tea, Desserts",Makkah,4.5,11
483,Brasa De Brazil Restaurant ,"Brazilian, International, Middle Eastern",Al Khobar,4.4,35
484,RoseBar & Café ,International,Riyadh,4.5,18
485,The Blue Restaurant ,"International, Middle Eastern",Al Khobar,4.4,47
486,Chuck E Cheese's ,"American, Italian, Turkish",Jeddah,4.5,38
487,Butlers Chocolate Cafe ,International,Dammam,4.4,30
488,The Coffee Club ,International,Riyadh,4.5,46
489,Kuuru Japanese and Peruvian Restaurant ,Japanese,Jeddah,4.4,56
490,The Coffeeholics Arabic Roastery and Cafe ,"Cafe, Coffee & Tea, Desserts",Riyadh,4.5,55
491,Sultan's Steakhouse ,"American, Mexican, Turkish",Jeddah,4.4,31
492,Caffeination Cafe ,"Breakfast, Coffee & Tea, Desserts",Al Khobar,4.5,33
493,Chef's Homemade Burger Gourmet,American,Makkah,4.4,49
494,No. 5 Cafe ,"Cafe, Coffee & Tea, Desserts",Makkah,4.5,27
495,Zad Al Sultan ,Arabic,Dammam,4.4,36
496,Ketchup Restaurant ,"American, International",Jeddah,4.5,37
497,Breezes Cafe ,"Cafe, Coffee & Tea, Desserts",Taif,4.4,32
498,L’Antica Pizzeria da Michele ,Italian,Al Khobar,4.5,46
499,CC’s Hamburger Restaurant ,American,Riyadh,4.4,25
500,The Peak Burger Restaurant ,American,Al Khobar,4.5,37
501,Cosmo Cafe ,"Cafe, Coffee & Tea, Desserts",Al Khobar,4.4,39
502,Cafe Al Rouaq ,"Bakery, Breakfast, Cafe",Makkah,4.5,38
503,Kumar Restaurant ,Indian,Jeddah,4.4,42
504,Leila  Lebanese Restaurant ,"Lebanese, Turkish",Jeddah,4.5,36
505,Mirage Coffee Shop ,"Bakery, Breakfast, Cafe",Jeddah,4.4,15
506,Nootropic Cafe ,"Cafe, Coffee & Tea, Desserts",Makkah,4.5,17
507,Glazed Donuts ,"Cafe, Coffee & Tea, Desserts",Jeddah,4.4,29
508,Punch Ice Cream ,International,Riyadh,4.5,24
509,Pollino Restaurant ,"American, International, Italian",Al Khobar,4.4,29
510,Salt Restaurant ,American,Al Khobar,4.5,16
511,Khayal Restaurant ,Lebanese,Taif,4.4,33
512,Super 2Go Resto Cafe ,International,Jeddah,4.5,16
513,Noon Speciality Coffee ,"Cafe, Coffee & Tea, Desserts",Madinah,4.4,29
514,Boozy Cafe ,"Cafe, Coffee & Tea, Desserts",Makkah,4.5,16
515,Raising Canes ,American,Riyadh,4.4,39
516,Samad Al,"Middle Eastern, Arabic",Jeddah,4.5,35
517,Hoot Coffee House ,"Cafe, Coffee & Tea, Desserts",Jeddah,4.4,29
518,Pick Up Restaurant ,American,Al Khobar,4.5,43
519,CC Souvlaki ,Greek,Riyadh,4.4,21
520,Gram ,American,Jeddah,4.5,29
521,Nafoura Restaurant ,"Arabic, International, Italian",Jeddah,4.4,14
522,Gamba Restaurant ,Armenian,Jeddah,4.5,19
523,La Crepe Doree ,"Cafe, Coffee & Tea, Desserts",Jeddah,4.4,30
524,Dr Coffee ,"Cafe, Coffee & Tea, Desserts",Makkah,4.5,12
525,Al Khozama Cafe ,International,Makkah,4.4,33
526,Azzurro Italian Restaurant ,"Italian, Mediterranean",Riyadh,4.5,18
527,Cyan Cafe ,"Cafe, Coffee & Tea, Desserts",Makkah,4.4,8
528,Dank Sandwich ,American,Jeddah,4.5,34
529,Degal Al Rafidain For Grills ,"Turkish, Middle Eastern",Rabigh,4.4,47
530,Medrainus ,"Mediterranean, Vegetarian",Jeddah,4.5,18
531,Mazencito Pizzeria ,Italian,Jeddah,4.4,36
532,Konh Cafe ,"Cafe, Coffee & Tea, Desserts",Riyadh,4.5,19
533,Nisantasi ,"American, Arabic, International",Riyadh,4.4,22
534,Huqqa Reastaurant ,"International, Turkish",Riyadh,4.5,41
535,Aletta Cafe ,"Cafe, Coffee & Tea, Desserts",Madinah,4.4,19
536,Naya Lebanese Restaurant ,"Arabic, Lebanese, Middle Eastern",Riyadh,4.5,24
537,Raftaar Restaurant ,"Indian, International",Al Khobar,4.4,27
538,The Breakfast Club ,"American, Indian, Lebanese",Riyadh,4.5,32
539,The Chocolate Room ,"Cafe, Coffee & Tea, Desserts",Riyadh,4.4,17
540,Chalmont ,French,Riyadh,4.5,14
541,Trieste ,American,Riyadh,4.4,14
542,Jones the Grocer ,International,Riyadh,4.5,31
543,Tatel ,Spanish,Riyadh,4.4,29
544,Harat Restaurant ,"Lebanese, Mediterranean",Riyadh,4.5,19
545,Elevate Lounge ,"Cafe, Coffee & Tea, Desserts",Riyadh,4.4,24
546,LPM Restaurant and Cafe ,"French, Mediterranean",Riyadh,4.5,29
547,Over Under ,"Cafe, Coffee & Tea, Desserts",Riyadh,4.4,22
548,EATALY ,Italian,Riyadh,4.5,29
549,Clap ,Japanese,Riyadh,4.4,8
550,Heart of Oasis ,International,AlUla,4.5,16
551,Jones The Grocer ,International,Riyadh,4.4,25
552,Abeer Kitchen ,"Middle Eastern, Arabic",Jeddah,4.5,10
553,Hungry Buds ,Pakistani,Jeddah,4.4,14
554,Yumaku Ramen ,Japanese,Jeddah,4.5,21
555,Gemini Plus Lounge ,International,Jeddah,4.4,9
556,Stella Sky Lounge ,International,Riyadh,4.5,7
557,Toby's Estate Coffee Roasters ,"Cafe, Coffee & Tea, Desserts",Riyadh,4.4,8
558,Joe & The Juice ,"Breakfast, Brunch, Cafe",Riyadh,4.5,7
559,Q ON DA GO ,American,Riyadh,4.4,7
560,Spago by Wolfgang Puck ,"International, Californian",Riyadh,4.5,19
561,Ext. Seventeen ,International,Jeddah,4.4,16
562,U Beauty Lounge ,"Cafe, Coffee & Tea, Desserts",Jeddah,4.5,13
563,Marmalade ,International,Jeddah,4.4,16
564,Telad Cafe ,International,Jeddah,4.5,14
565,Alseqala Restaurant ,,Jeddah,4.4,24
566,SANS Sandwich Bar ,International,Jeddah,4.5,26
567,Jalsah ,"Cafe, Coffee & Tea, Desserts",Jeddah,4.4,15
568,Al Bostan Restaurant ,International,Jeddah,4.5,19
569,Shang Palace Restaurant ,"Chinese, Asian",Jeddah,4.4,26
570,Dopamine Cafe ,"Bakery, Cafe, Coffee & Tea",Jeddah,4.5,20
571,Sumosan ,Japanese,Riyadh,4.4,5
572,Goji Kitchen ,International,Riyadh,4.5,18
573,Leila Min Lebanon ,Lebanese,Riyadh,4.4,44
575,Le D’or French & Italian Restaurant & Cafe ,"French, Italian",Riyadh,4.4,70
576,Paul ,French,Riyadh,4.5,42
577,Lahma W Fahma Street Food Restaurant ,International,Riyadh,4.3,42
578,Caffé Bene Coffee Shop ,"Bakery, Breakfast, Cafe",Riyadh,4.5,53
579,Om Ali Restaurant and Cafe,"Arabic, Egyption",Riyadh,4.3,37
580,8oz  Coffee Shop ,"Arabic, International",Riyadh,4.5,49
581,Epi Arabic American Cafe ,Arabic,Riyadh,4.3,25
582,Baytoti Japanese Restaurant,Japanese,Madinah,4.5,36
583,OKTO Greek Restaurant ,"Greek, Italian",Riyadh,4.3,34
584,34 All Day Kitchen Restaurant ,"Arabic, International",Riyadh,4.5,27
585,Town Pour Breakfast and Lounge ,International,Madinah,4.3,38
586,La Manana Restaurant and Cafe ,International,Madinah,4.5,30
587,Kabana Restaurant ,"Barbeque & Grill, Cafe, Coffee & Tea",Jeddah,4.3,49
588,Chef's Homemade Burger Restaurant ,"American, International",Jeddah,4.5,51
589,Kosebasi Turkish Restaurant ,Turkish,Jeddah,4.3,18
590,8 Gram Cafe ,International,Jeddah,4.5,24
591,Grill House Casual Dining Restaurant ,"American, Mexican, International",Makkah,4.3,23
592,Afandim International Cuisine Restaurant ,"Indian, Italian, Turkish",Makkah,4.5,35
593,Qasr Al Zad Italian Lebanese Restaurant ,"Italian, Lebanese, International",Makkah,4.3,26
594,Applebee’s American Restaurant ,American,Madinah,4.5,44
595,Robot Indian Thai Restaurant  ,"Indian, Thai",Jazan,4.3,40
596,Taste of Spices Indian Restaurant,American,Jazan,4.5,34
597,Onno Lebanese Restaurant,Lebanese,Riyadh,4.3,39
598,Mitts and Trays Restaurant ,International,Riyadh,4.5,43
599,Joy Coffee ,,Riyadh,4.3,39
600,The Bay Indian Restaurant ,Indian,Jeddah,4.5,39
601,Qurnfel Lebanese Restaurant  ,"Arabic, Lebanese, Middle Eastern",Madinah,4.3,23
602,Magnesium International Cafe ,International,Riyadh,4.5,91
603,Wister Burger Restaurant ,American,Makkah,4.3,38
604,Choco Lava Cafe  ,"Cafe, Coffee & Tea, Desserts",Makkah,4.5,29
605,Papaya Restaurant ,"International, Italian",Jeddah,4.3,38
606,La Blanche Cafe ,"French, Italian",Jeddah,4.5,25
607,Leopardo Restaurant ,Italian,Al Khobar,4.3,32
608,Kim's Coffee ,"American, Arabic",Jeddah,4.5,42
609,5 Rivers Indian Restaurant  ,Indian,Jeddah,4.3,32
610,Last Sprinkles Cafe ,"Cafe, Coffee & Tea, Desserts",Makkah,4.5,18
611,Delicioso Cafe ,"Cafe, Coffee & Tea, Desserts",Makkah,4.3,23
612,Lusin Armenian Restaurant ,"Armenian, Turkish, Vegetarian",Al Khobar,4.5,18
613,Snack & Such Dessert Shop ,"Desserts, Takeout, Cafe",Jeddah,4.3,37
614,Ashwaq Turkish Restaurant ,Turkish,Makkah,4.5,22
615,Applebee's American Restaurant ,"American, International",Jeddah,4.3,53
616,Burger Site Restaurant ,American,Al Khobar,4.5,36
617,Qamreya Lebanese Restaurant ,Lebanese,Jeddah,4.3,40
618,Q Lounge Restaurant,International,Jeddah,4.5,20
619,Pizzana Restaurant ,"American, Italian",Taif,4.3,16
620,Lishlazz ,,Jeddah,4.5,47
621,Le Pavillon Cafe ,French,Riyadh,4.3,31
622,Elements Restaurant ,"Arabic, Chinese, International",Riyadh,4.5,28
623,Melenzane Italian Restaurant ,Italian,Al Khobar,4.3,28
624,Cashmere Pakistani Restaurant ,"Indian, Pakistani",Jeddah,4.5,43
625,Rustic Grill Restaurant ,American,Makkah,4.3,25
626,Milyar Cafe ,"Cafe, Coffee & Tea, Desserts",Makkah,4.5,51
627,Cheese House Restaurant ,American,Makkah,4.3,16
628,Umbrella Restaurant and Cafe ,"American, International, Middle Eastern",Dammam,4.5,40
629,The Burgers Origin ,Arabic,Makkah,4.3,54
630,Bough Italian Restaurant ,"Italian, Vegetarian",Al Khobar,4.5,47
631,Molten Chocolate Cafe ,"Cafe, Coffee & Tea, Desserts",Madinah,4.3,46
632,Operation Falafel ,Arabic,Dammam,4.5,38
633,Toki  Restaurant,Chinese,Jeddah,4.3,37
634,Vermont Caffe House ,"Cafe, Coffee & Tea, Desserts",Makkah,4.5,29
635,Dinwanya Burger ,"Arabic, American",Makkah,4.3,15
636,Toshi Restaurant ,Japanese,Makkah,4.5,30
637,Section B ,American,Jeddah,4.3,34
638,Vega Restaurant ,International,Al Khobar,4.5,32
639,Deep Fries ,Arabic,Makkah,4.3,50
640,Robu Al,"Arabic, Mediterranean",Jeddah,4.5,14
641,Patchi Cafe ,,Jeddah,4.3,39
642,Masala Indian cuisine ,Indian,Jeddah,4.5,25
643,Delle Rose Restaurant,"American, Chinese, International",Dammam,4.3,23
644,Seven Breakfast Restaurant ,"International, Vegetarian",Al Khobar,4.5,36
645,Pattis Restaurant,"International, French",Al Khobar,4.3,37
646,Zaikaki Indian Restaurant ,Indian,Jeddah,4.5,35
647,Chef´s Garage ,American,Jeddah,4.3,32
648,Aryana Restaurant ,Arabic,Makkah,4.5,37
649,Solo Cafe ,International,Jeddah,4.3,32
650,Il Postino Pizzeria ,Italian,Jeddah,4.5,44
651,Black Cup Cafe ,"Breakfast, Cafe, Coffee & Tea",Makkah,4.3,8
652,Frieze Cafe ,"American, International, Italian",Al Khobar,4.5,17
653,Chilling Moment Restaurant,"American, International",Dhahran,4.3,29
654,Euphoria Cafe ,"Cafe, Coffee & Tea, Desserts",Makkah,4.5,12
655,Fire Grill  ,"Mexican, American",Riyadh,4.3,33
656,Livarno Coffee ,"Cafe, Coffee & Tea, Desserts",Riyadh,4.5,21
657,Eat Chinese ,Chinese,Jeddah,4.3,30
658,Tofareya ,"Arabic, Middle Eastern",Jeddah,4.5,29
659,Konak Steakhouse ,Turkish,Jeddah,4.3,26
660,Archi Cafe ,"Cafe, Coffee & Tea, Desserts",Al Khobar,4.5,34
661,BurgerFi ,American,Al Khobar,4.3,32
662,Lazy Masoub ,Arabic,Jeddah,4.5,29
663,Roll and More ,Indian,Jeddah,4.3,25
664,Al,Arabic,Jeddah,4.5,38
665,Wister ,American,Jeddah,4.3,43
666,Pastel Cafe ,"International, Italian",Dammam,4.5,26
667,Troy Coffee Lounge ,"Cafe, Coffee & Tea, Desserts",Dammam,4.3,34
668,Dice Urban Eatery ,American,Al Khobar,4.5,24
669,Mosher Cafe ,"Cafe, Coffee & Tea, Desserts",Makkah,4.3,6
670,Topkapi ,"Arabic, Middle Eastern, Turkish",Riyadh,4.5,39
671,Naranj Restaurant ,Middle Eastern,Jeddah,4.3,28
672,Victorian Cafe and Lounge ,"American, Arabic, International",Riyadh,4.5,17
673,White Mountain ,International,Al Khobar,4.3,20
674,Unlock Burger Restaurant ,American,Dammam,4.5,25
675,Castello Coffee ,"Coffee & Tea, Desserts, Fast Food",Jeddah,4.3,18
676,Mandi Alhejaz ,"Arabic, Middle Eastern",Jeddah,4.5,22
677,Reaf Al Sham ,"Lebanese, Middle Eastern",Jeddah,4.3,30
678,Asia Thai Restaurant ,"Thai, Asian",Jeddah,4.5,34
679,The Wooden Coffee ,"Cafe, Coffee & Tea, Desserts",Jeddah,4.3,26
680,Beauti Cafe ,"Cafe, Coffee & Tea, Desserts",Jeddah,4.5,26
681,La Brilo Pasta Factory ,"American, Italian",Dammam,4.3,19
682,Le Comptoir ,"Bakery, Breakfast, Cafe",Jeddah,4.5,34
683,Shalimar Lounge ,International,Makkah,4.3,42
684,Coffee Shop ,International,Madinah,4.5,59
685,Chocolate Lounge ,"Cafe, Coffee & Tea, Desserts",Makkah,4.3,43
686,Aquila Cafe ,"Cafe, Coffee & Tea, Juice Bar",Jeddah,4.5,21
687,Abu Osaid Restaurant ,"Arabic, Middle Eastern",Jeddah,4.3,23
688,Coffeekov Roasters ,"Cafe, Coffee & Tea, Desserts",Al Khobar,4.5,16
689,Ghonnah Cafe ,"Cafe, Coffee & Tea, Desserts",Makkah,4.3,16
690,Petit Parry ,"French, Italian",Al Khobar,4.5,19
691,The View Terrace ,"Arabic, International, Italian",Makkah,4.3,41
692,La Porta Pizza ,Italian,Al Khobar,4.5,16
693,Vardo Coffee House ,"Cafe, Coffee & Tea, Desserts",Al Khobar,4.3,24
694,Carnival Burgers ,American,Al Khobar,4.5,15
695,Old Burger ,American,Makkah,4.3,18
696,Burj Al Hamam Bistro ,"Lebanese, Middle Eastern",Riyadh,4.5,36
697,Cilicia Restaurant ,Armenian,Riyadh,4.3,19
698,Tim Hortons ,"Cafe, Coffee & Tea, Desserts",Madinah,4.5,19
699,Yokari Restaurant ,Japanese,Riyadh,4.3,18
700,Blue Garden Restaurant,"Arabic, International, Lebanese",Al Khobar,4.5,27
701,Vittoria’s Italian Bakery and Cafe ,"Bakery, Cafe, Coffee & Tea",Riyadh,4.3,26
702,Five Elephants Speciality Coffee ,"Cafe, Coffee & Tea, Desserts",Riyadh,4.5,20
703,Suhail Restaurant ,"Arabic, Saudi",AlUla,4.3,12
704,OKTO At Harrat Viewpoint ,Greek,AlUla,4.5,24
705,ACME Burger Restaurant ,American,AlUla,4.3,8
706,The Lion Speciality Cafe ,"Cafe, Coffee & Tea, Desserts",AlUla,4.5,10
707,Meraki Greek Restaurant ,Greek,Riyadh,4.3,18
708,Café  Elle ,French,Riyadh,4.5,23
709,Cerchio Pizzeria ,Italian,Riyadh,4.3,12
710,Diplomat Sweets ,"Desserts, Takeout",Riyadh,4.5,23
711,Madeo Ristorante ,Italian,Riyadh,4.3,16
712,Nozomi ,Japanese,Riyadh,4.5,20
713,Bobaty ,"Cafe, Coffee & Tea",Jeddah,4.3,8
714,Belo Restaurant ,"International, Italian",Riyadh,4.5,9
715,Trwaga ,Italian,AlUla,4.3,6
716,Jackie Restaurant ,"American, Greek",Riyadh,4.5,12
717,Paul Restaurant and Cafe ,French,Madinah,4.3,8
718,Mado ,"Middle Eastern, Turkish",Makkah,4.5,3
719,Swiss Butter ,Steakhouse,Riyadh,4.3,19
721,Rise Cafe ,International,Jeddah,4.3,8
722,H lounge ,"Arabic, Indian, International",Jeddah,4.5,12
723,Goa Restaurant ,"Indian, International",Jeddah,4.3,21
724,Coffee Shop ,"Cafe, Coffee & Tea, Desserts",Jeddah,4.5,31
725,Chennai Darbar Restaurant ,Indian,Jeddah,4.3,30
726,Shahi Burger ,American,Jeddah,4.5,18
727,COPA ,"Cafe, Coffee & Tea, Desserts",Jeddah,4.3,29
728,Rehaily Seafood Restaurant ,"Barbeque & Grill, Seafood, Takeout",Jeddah,4.5,14
729,Tarabani Seafood Restaurant ,"Barbeque & Grill, Seafood, Takeout",Jeddah,4.3,18
730,Society Craft Eatery and Coffee ,International,Jeddah,4.5,15
731,Ammar’s Cafe ,"Cafe, Coffee & Tea, Desserts",Jeddah,4.3,28
732,L'Antica Pizzeria Da Michele ,Italian,Jeddah,4.5,31
733,Goloso Cafe ,"Cafe, Coffee & Tea, Desserts",Jeddah,4.3,22
734,Pao ,International,Riyadh,4.5,30
735,One Pound International Restaurant ,International,Riyadh,4.3,41
736,Khaneen Arabic Kuwait Restaurant,"Arabic, Kuwaiti",Riyadh,4.5,35
737,Kushane Steakhouse Restaurant,"International, Lebanese",Riyadh,4.3,33
738,TGI Friday's American Restaurant ,Mexican,Madinah,4.5,47
739,Chili's American Mexican Restaurant ,"American, Mexican",Madinah,4.3,30
740,The Social Kitchen Restaurant ,"International, Italian",Jeddah,4.5,36
741,San Carlo Cicchetti Italian Restaurant ,"International, Italian",Jeddah,4.3,44
742,Buffalo Wings & Rings Restaurant ,American,Jeddah,4.5,63
743,Chef Restaurant and Cafe ,International,Jeddah,4.3,41
744,3 Eggs Restaurant ,"Breakfast, Cafe, Coffee & Tea",Makkah,4.5,21
745,Uno Cafe and Grill ,"American, Italian",Makkah,4.2,28
746,Radisson Blue Resort Restaurant ,"Arabic, International",Jazan,4.5,43
747,Pearl Shell Seafood Restaurant ,International,Jazan,4.2,72
748,Shakespeare and Co Cafe and Restaurant ,"Breakfast, Fine Dining",Riyadh,4.5,22
749,Besalu Cafe and Coffee Shop ,International,Riyadh,4.2,26
750,Fontana Caffe ,International,Riyadh,4.5,21
751,Lost Joy of Coffee Cafe ,"Arabic, International",Riyadh,4.2,33
752,Shrimp Anatomy Restaurant ,"Barbeque & Grill, Cafe, Desserts",Madinah,4.5,26
753,Skeleton Cafe ,"Desserts, Coffee & Tea, Fast Food",Makkah,4.2,25
754,Section B ,American,Makkah,4.5,29
755,The Italian Cuisine Restaurant ,"American, International, Turkish",Jeddah,4.2,34
756,Western Section Restaurant ,"American, Italian, Mexican",Jazan,4.5,22
757,Crowd Restaurant ,International,Al Khobar,4.2,23
758,Loqma Lazeeza Restaurant ,American,Makkah,4.5,34
759,Dar Karkum Indian Restaurant ,Indian,Makkah,4.2,43
760,8Oz Coffee Shop ,"Breakfast, Coffee & Tea, Desserts",Dammam,4.5,46
761,Mama Jamila Cafe ,American,Makkah,4.2,13
762,Merkaz Cafe,"Cafe, Coffee & Tea, Desserts",Makkah,4.5,26
763,Toucan Cafe ,Arabic,Riyadh,4.2,27
764,Pie Street ,"American, Arabic",Madinah,4.5,19
765,Boga Restaurant ,International,Taif,4.2,23
766,Mecarlo Restaurant ,American,Taif,4.5,13
767,Texas Chicken ,American,Taif,4.2,29
768,Fresh Burger ,American,Taif,4.5,34
769,Chicken It Restaurant ,"Fast Food, Fine Dining, Juice Bar",Makkah,4.2,28
770,Falla Restaurant ,"American, International, Italian",Al Khobar,4.5,36
771,La Forchetta and Knife ,"Bakery, Breakfast, Coffee & Tea",Dammam,4.2,25
772,F6or Faris ,Arabic,Riyadh,4.5,42
773,The Lab by Heisenberg ,"American, International, Italian",Al Khobar,4.2,21
774,Texas Roadhouse ,"American, International",Jeddah,4.5,43
775,Maki House Japanese Restaurant ,Japanese,Jeddah,4.2,49
776,Bahri ,Arabic,Makkah,4.5,21
777,Speciality Coffee Engineer,"Cafe, Coffee & Tea, Desserts",Makkah,4.2,15
778,Morinzo Restaurant ,"International, Italian",Al Khobar,4.5,14
779,Toast and Tonic ,International,Al Khobar,4.2,28
780,Brew 92 ,Italian,Jeddah,4.5,38
781,Beit Wared Lebanese Restaurant ,Lebanese,Jeddah,4.2,32
782,Fushi Restaurant ,"Asian, Japanese",Al Khobar,4.5,22
783,Mandi world ,"Arabic, Middle Eastern, Vegetarian",Jeddah,4.2,40
784,Kouzi House ,Arabic,Makkah,4.5,54
785,Kilo Kabab ,"Arabic, Lebanese, Mediterranean",Dammam,4.2,40
786,La Paniere Cafe ,French,Al Khobar,4.5,13
787,Al Romansiah  ,"Arabic, Saudi",Makkah,4.2,51
788,Heba's Keto kitchen ,"International, Keto",Jeddah,4.5,25
789,Versai Cafe ,International,Riyadh,4.2,19
790,The Warehouse ,"American, International",Jeddah,4.5,36
791,Rattan Cafe ,"Cafe, Coffee & Tea, Desserts",Jeddah,4.2,24
792,The Hub ,"American, International",Al Khobar,4.5,23
793,The Barking Lot ,"American, International",Al Khobar,4.2,47
794,3 Eggs ,"Cafe, Coffee & Tea, Fine Dining",Al Khobar,4.5,28
795,CRST Italian Restaurant ,Italian,Dammam,4.2,32
796,Mughal Restaurant,Indian,Dammam,4.5,39
797,8Oz Coffee Shop ,"Cafe, Coffee & Tea, Desserts",Madinah,4.2,25
798,Atypical Cafe ,"Breakfast, Cafe, Coffee & Tea",Al Khobar,4.5,34
799,Bahrya Restaurant ,Arabic,Madinah,4.2,6
800,Illy Caffe ,Italian,Riyadh,4.5,37
801,Lotus Restaurant ,"Chinese, Japanese, Asian",Riyadh,4.2,28
802,Tokuzo ,"Japanese, Asian",Dhahran,4.5,32
803,Chocochino Dip ,"Cafe, Coffee & Tea, Desserts",Makkah,4.2,26
804,Evoo Restaurant ,"Breakfast, Cafe, Coffee & Tea",Al Khobar,4.5,42
805,Biryani Palace ,"Indian, Vegetarian",Jeddah,4.2,41
806,Fayrouz Cafe Lounge ,International,Makkah,4.5,69
807,Medley Restaurant ,"Arabic, Middle Eastern",Jeddah,4.2,19
808,Orched Cafe ,,Jeddah,4.5,24
809,Siblings Brunch and Coffee ,,Jeddah,4.2,52
810,Thuluth Cafe ,"Bakery, Breakfast, Cafe",Jeddah,4.5,30
811,The Hussar Grill ,"American, International",Al Khobar,4.2,18
812,Marhaba Restaurant ,Pakistani,Jeddah,4.5,18
813,Lamb Chef Restaurant ,"Arabic, Middle Eastern",Jeddah,4.2,28
814,Al Taie Restaurant  ,"International, Asian",Makkah,4.5,51
815,65 Degrees ,"Cafe, Coffee & Tea, Desserts",Jeddah,4.2,31
816,Brasa de Brazil ,Brazilian,Jeddah,4.5,34
817,Pongo ,International,Jeddah,4.2,19
818,Chalcos Mexican Grill ,Mexican,Jeddah,4.5,28
819,Enzo Italian Restaurant ,Italian,Jeddah,4.2,26
820,Coffee Shop ,"Cafe, Coffee & Tea, Desserts",Makkah,4.5,41
821,Maharaja By Vineet ,Indian,Al Khobar,4.2,33
822,Al Romansiah ,"Arabic, Middle Eastern, Saudi",Al Khobar,4.5,28
823,Burger Stop ,American,Al Khobar,4.2,15
824,Zankil Restaurant,"Lebanese, Middle Eastern",Al Khobar,4.5,19
825,Al Qalzam Seafood Restaurant ,Seafood,Riyadh,4.2,13
826,Maharaja East by Vineet ,Indian,Riyadh,4.5,23
827,The Blossoms Cage Cafe ,"Cafe, Coffee & Tea, Desserts",Riyadh,4.2,13
828,Offwhite Lounge and Restaurant ,"Armenian, Middle Eastern",Riyadh,4.5,19
829,El Camino ,Mexican,Riyadh,4.2,28
830,Caffeination ,"Cafe, Coffee & Tea, Desserts",Riyadh,4.5,13
831,Tawlat Fayza ,"Arabic, Saudi",AlUla,4.2,16
833,Gloriole Lounge ,International,Jeddah,4.2,19
834,Red Mug Caffe ,"Cafe, Coffee & Tea, Desserts",Jeddah,4.5,14
835,Kermal ,Lebanese,Jeddah,4.2,15
836,SALT ,American,AlUla,4.5,10
837,Royal Garden ,Indian,Jeddah,4.2,19
838,Society Craft Eatery and Coffee ,International,Jeddah,4.5,13
839,Karamel Lounge ,"Cafe, Coffee & Tea, Desserts",Jeddah,4.2,11
840,Yummy Restaurant ,"Chinese, Japanese",Jeddah,4.5,14
841,Barista Cafe ,"Cafe, Coffee & Tea, Desserts",Jeddah,4.2,30
842,Choowy Goowy Dessert Shop ,"Arabic, International",Riyadh,4.5,21
843,Bahrya Seafood Restaurant ,Arabic,Madinah,4.1,26
844,Meshraq Arabic and Middle Eastern Restaurant,"Arabic, Lebanese, Middle Eastern",Madinah,4.5,37
845,Maki House Japanese Restaurant ,Japanese,Madinah,4.1,34
846,Seeneez Arabic Restaurant,Arabic,Makkah,4.5,23
847,Porto Cafe Restaurant ,"International, Italian",Jazan,4.1,22
848,Veloce Cafe N Bakery ,International,Jeddah,4.5,16
849,Al Marwah Restaurant ,"Arabic, Egyption, International",Madinah,4.1,21
850,8oz Coffee Shop ,International,Makkah,4.5,27
851,Denden Indonesian Restaurant ,,Makkah,4.1,32
852,Ugur Restaurant ,"Bakery, Barbeque & Grill, Desserts",Jeddah,4.5,22
853,Cat Lounge Cafe ,American,Makkah,4.1,33
854,Piatto Italian Restaurant ,"Italian, American",Jeddah,4.5,43
855,Zafiro Indian Restaurant ,Indian,Jeddah,4.1,31
856,Molten Chocolate Cafe ,International,Riyadh,4.5,26
857,Urth Caffé ,American,Riyadh,4.1,42
858,Scramble Restaurant ,Middle Eastern,Al Khobar,4.5,19
859,Cheese House ,American,Madinah,4.1,44
860,Swiss House Restaurant,"American, Arabic, International",Madinah,4.5,35
861,Baytoti Chinese Restaurant ,"Chinese, International",Taif,4.1,36
862,Rustic Grill ,American,Madinah,4.5,36
863,Forte Cafe and Roastery ,"Coffee & Tea, Desserts, Juice Bar",Al Khobar,4.1,18
864,Takwah Restaurant and Cafe ,"American, Arabic, Chinese",Makkah,4.5,33
865,Al Dawar Al Massry Restaurant ,Egyption,Jeddah,4.1,45
866,Eleven Cafe ,International,Riyadh,4.5,22
867,Le Traiteur French Restaurant  ,French,Jeddah,4.1,31
868,Dhoraji Corner ,Pakistani,Jeddah,4.5,35
869,Lily Cafe and Flowers,"French, International",Al Khobar,4.1,38
870,Venchi Chocolate and Gelato ,International,Jeddah,4.5,47
871,Al Saddah Restaurant ,"Middle Eastern, American",Jeddah,4.1,64
872,Kiaora Cafe ,"Bakery, Breakfast, Cafe",Jeddah,4.5,28
873,The Cuts Urban Kitchen ,American,Al Khobar,4.1,36
874,Molten Chocolate Cafe ,"Cafe, Coffee & Tea, Desserts",Makkah,4.5,47
875,De Delhi Restaurant ,Indian,Al Khobar,4.1,27
876,Salt Al Bahar ,"American, International",Al Khobar,4.5,39
877,Jawhara Bukhari and Turkish  Restaurant ,Turkish,Makkah,4.1,29
878,Al Morjan Restaurant ,"Bakery, Breakfast, Cafe",Makkah,4.5,37
879,Maqadeer Restaurant ,"Arabic, Indian",Makkah,4.1,20
880,Dining & Co ,"American, International",Jeddah,4.5,27
881,Zaytonay Bay Lebanese Restaurant ,"Lebanese, Mediterranean, Vegetarian",Jeddah,4.1,24
882,Blake Urban Kitchen ,American,Al Khobar,4.5,25
883,Kanafany Cafe ,"Arabic, Middle Eastern, Turkish",Dammam,4.1,13
884,Merge Restaurant ,International,Al Khobar,4.5,20
885,The Yemeni Village ,Arabic,Jeddah,4.1,29
886,La Pate Bakery ,"French, International",Dammam,4.5,36
887,The Backyard Brunch and Coffee ,International,Al Khobar,4.1,43
888,Safwa Restaurant,International,Makkah,4.5,10
889,Noun Restaurant  ,Italian,Jeddah,4.1,23
890,Hoshena Fine Dining Experience ,International,Riyadh,4.5,43
891,Chuck E Cheese's ,"American, International",Makkah,4.1,24
892,Katti ,Lebanese,Riyadh,4.5,15
893,3 Eggs  ,American,Jeddah,4.1,31
894,Coffee Library ,"American, International",Al Khobar,4.5,14
895,Johnny Rockets ,American,Al Khobar,4.1,33
896,Scalini Restaurant ,"Italian, International, Japanese",Riyadh,4.5,38
897,Laghman Uzbek Cuisine ,"Bakery, Fine Dining, Takeout",Makkah,4.1,15
898,Veal Burger ,American,Riyadh,4.5,43
899,Royal Cafe ,"Cafe, Coffee & Tea, Desserts",Makkah,4.1,29
900,Arabia Cafe ,"Cafe, Coffee & Tea, Desserts",Madinah,4.5,36
901,TGI Friday's Red Sea Mall ,"American, International",Jeddah,4.1,36
902,Nusr,Turkish,Riyadh,4.5,21
903,La Rustica Pizzeria ,"Italian, Vegetarian",Riyadh,4.1,38
904,Laza Uzbek Cuisine ,"Middle Eastern, Vegetarian",Jeddah,4.5,28
905,Chef Boutique Turkish Steakhouse ,Turkish,Riyadh,4.1,29
906,Palm Beach ,"Arabic, Middle Eastern, Lebanese",Jeddah,4.5,31
907,Golden Dragon ,Chinese,Riyadh,4.1,33
908,Dilek Turkish Restaurant ,"Middle Eastern, Turkish",Jeddah,4.5,27
909,Captain Smoky ,"American, International",Jeddah,4.1,31
910,Don Puro ,"American, Chinese, International",Riyadh,4.5,32
911,Shrimp Zone ,"Barbeque & Grill, Cafe, Desserts",Jeddah,4.1,68
912,Parrilla De Brazil ,"Brazilian, International",Jeddah,4.5,18
913,Dyar Cafe ,,Jeddah,4.1,39
914,Madinah Restaurant ,"Arabic, Asian, International",Madinah,4.5,43
915,Merze Turkish Restaurant ,Turkish,Jeddah,4.1,23
916,TGI Friday's,"American, International",Riyadh,4.5,49
917,Baan Thai Restaurant ,"Indonesian, Thai",Riyadh,4.1,32
918,Pizza Roma ,Italian,Riyadh,4.5,32
919,House Of Salad ,"International, Arabic",Jeddah,4.1,22
920,Hamza Restaurant and Coffee ,International,Makkah,4.5,62
921,Grip Sandwich ,American,Jeddah,4.1,23
922,Bar BQ Tonight ,"Indian, Pakistani",Riyadh,4.5,29
923,POP ,American,Al Khobar,4.1,21
924,Garden Lebanon ,"Lebanese, Middle Eastern",Riyadh,4.5,26
925,Fuddruckers ,American,Al Khobar,4.1,36
926,Garage Burger,American,Al Khobar,4.5,21
927,Bagel Brothers ,American,Al Khobar,4.1,20
928,Burger School ,American,Makkah,4.5,12
929,So Matcha Cafe ,Japanese,Riyadh,4.1,25
930,Shing Yang Restaurant ,Chinese,Madinah,4.5,33
931,Avanguardia Restaurant ,"Arabic, International, Italian",Madinah,4.1,22
932,Davanti Lounge ,"Asian, International, Italian",Madinah,4.5,11
933,Kashounat Al Bait ,"Arabic, Kuwaiti",Riyadh,4.1,12
934,Angelina ,"French, International",Riyadh,4.5,28
935,Joe and The Juice ,American,Riyadh,4.1,32
936,Thai Thai Seafood Restaurant ,Thai,Riyadh,4.5,26
937,Hakkasan ,Chinese,Riyadh,4.1,24
938,Al Ula Palace Restaurant ,"Arabic, Saudi",AlUla,4.5,13
939,Al Fanar Restaurant and Cafe ,"Arabic, Middle Eastern",Riyadh,4.1,14
940,Halepi ,Greek,Riyadh,4.5,15
941,NAC ,International,Riyadh,4.1,22
942,Bab Al Bahr ,,Jeddah,4.5,9
943,Burgreez ,American,AlUla,4.1,9
944,Stir ,,Riyadh,4.5,8
945,Lucknow Mughlai ,Indian,Jeddah,4.1,9
946,OBO Beach House ,"International, Italian, Japanese",Jeddah,4.5,18
947,Saal Restaurant and Cafe ,"International, Italian",Jeddah,4.1,14
948,Reyhana Restaurant ,"Indonesian, International, Middle Eastern",Jeddah,4.5,11
949,Jeddah's People Cafe ,"Cafe, Coffee & Tea, Desserts",Jeddah,4.1,12
950,Lemongrass Japanese Restaurant ,Japanese,Jeddah,4.5,9
951,Sala Restaurant ,Italian,Jeddah,4.1,11
952,Muunni’s ,"International, Italian, Japanese",Riyadh,4.5,30
953,Steak House ,"Desserts, Healthy Food, Steakhouse",Riyadh,4.1,87
954,Le Chateau Chinese Restaurant ,Chinese,Riyadh,4.5,45
955,B&G Italian Restaurant,Italian,Madinah,4.1,22
956,Três Brazilian Restaurant,Brazilian,Madinah,4.5,40
957,Dose Cafe and Breakfast Lounge ,International,Madinah,4.1,40
958,Agave Italian Lebanese Restaurant,"Italian, Lebanese",Jeddah,4.5,46
959,Buffalo Wings & Rings Restaurant,American,Makkah,4.1,31
960,Asia Tenggara Indonesian Restaurant ,"Barbeque & Grill, Desserts, Fast Food",Makkah,4.5,42
961,Pasta Custo Italian Restaurant ,Italian,Makkah,4.0,35
962,Upscale Shamyat Restaurant  ,Arabic,Makkah,4.5,14
963,Burger Valley Restaurant ,American,Makkah,4.0,66
964,Grill Day Restaurant ,"American, International, Italian",Madinah,4.5,29
965,Rock Cafe ,American,Madinah,4.0,18
966,Vogue Cafe,International,Riyadh,4.5,30
967,Shawarmer Restaurant ,Arabic,Riyadh,4.0,89
968,Raising Cane's Restaurant ,International,Jeddah,4.5,48
969,Chimchoc Chocolate Cafe ,Arabic,Riyadh,4.0,57
970,Ver Dan Lebanese Restaurant ,"Arabic, Lebanese, Middle Eastern",Madinah,4.5,44
971,Verra Pizza Italian Restaurant ,"Italian, Vegetarian",Makkah,4.0,30
972,Baytoti Chinese Restaurant ,Chinese,Jeddah,4.5,44
973,Breakfast Club ,"International, American",Al Khobar,4.0,47
974,One Million ,,Riyadh,4.5,27
975,Maison De Zaid Restaurant ,"Italian, International",Jeddah,4.0,32
976,Anta Al Chef Restaurant & Cafe ,"Lebanese, Arabic, International",Makkah,4.5,29
977,Agora Greek Restaurant ,"Greek, Vegetarian",Al Khobar,4.0,29
978,Gontran Cherrier Bakery and Cafe ,French,Riyadh,4.5,55
979,Patchi Cafe ,Lebanese,Riyadh,4.0,34
980,Indian Spice Restaurant ,Indian,Jeddah,3.5,28
981,Hi Cafe Ksa ,"Arabic, Chinese",Riyadh,4.0,30
982,Cafe Baker's Boy ,"Cafe, Coffee & Tea, Desserts",Makkah,4.5,34
983,Shorfat Indian Restaurant ,Indian,Taif,4.0,31
984,56th Avenue Diner,"International, American, Arabic",Riyadh,4.5,27
985,Tahi Al Shawi Restaurant ,Lebanese,Makkah,4.0,26
986,Urth Caffé ,"Cafe, Coffee & Tea, Desserts",Jeddah,4.5,40
987,Mr Pasta Restaurant ,"American, Italian",Taif,4.0,45
988,Bino Afternoon Experience ,Italian,Jeddah,3.5,21
989,Twina Seafood ,Arabic,Jeddah,4.0,29
990,Shake Shack ,American,Riyadh,4.5,52
991,Fuddruckers American Restaurant ,American,Jeddah,4.0,43
992,Koshari Station ,Egyption,Makkah,3.5,20
993,La Casa Pasta ,Italian,Makkah,4.0,29
994,Doro Pizzeria ,Italian,Al Khobar,3.5,29
995,Amwag Al Khalij ,Arabic,Makkah,4.0,28
996,Salad Boutique ,International,Riyadh,4.5,23
997,Mongo Asian Cuisine,"Chinese, Asian",Jeddah,4.0,26
998,The Gate Restaurant ,International,Jeddah,4.5,44
999,One Fifteenth Neighbourhood Cafe ,"Cafe, Coffee & Tea, Desserts",Jeddah,4.0,33
1000,Cribs of Ribs ,"American, Middle Eastern",Jeddah,4.5,33
1001,Ukiyo Japanese Restaurant ,"Chinese, Japanese",Jeddah,4.0,44
1002,11:11 Wish Café ,"Cafe, Coffee & Tea, Desserts",Jeddah,4.5,42
1003,Mac & Cheese ,"American, Italian",Jeddah,4.0,55
1004,Moknah Cafe ,"Bakery, Breakfast, Cafe",Jeddah,4.5,22
1005,The Village Restaurant,"Chinese, Indian",Jeddah,4.0,48
1006,F6or Faris ,"Arabic, Lebanese",Jeddah,3.5,39
1007,Abu Zaid Restaurant ,Arabic,Makkah,4.0,23
1008,Shehrazad Indian Restaurant ,Indian,Jeddah,4.5,26
1009,China Hut restaurant ,Chinese,Jeddah,4.0,33
1010,Repeat Coffee & Brunch ,International,Al Khobar,4.5,24
1011,Gala Lounge ,International,Jeddah,4.0,25
1012,La Mode Coffee & More ,"American, International",Al Khobar,4.5,22
1013,Ennabi Grill ,Turkish,Jeddah,4.0,44
1014,Durrat China ,Chinese,Jeddah,4.5,25
1015,Haji  Shawarma ,Turkish,Makkah,4.0,48
1016,Coffee Faces ,"Cafe, Coffee & Tea, Desserts",Makkah,4.5,24
1017,Ink cafe ,"Cafe, Coffee & Tea, Desserts",Makkah,4.0,21
1018,Beef & Butter ,"American, International",Jeddah,4.5,20
1019,Maximum Level Restaurant ,American,Makkah,4.0,19
1020,Cyan Restaurant ,Italian,Riyadh,4.5,14
1021,Green Mountain Restaurant ,"Arabic, Middle Eastern",Jeddah,4.0,25
1022,Deera Cafe ,,Jeddah,4.5,33
1023,Eliy Maxx Restaurant and Coffee ,"International, Lebanese",Jeddah,4.0,26
1024,Labeeb Restaurant ,"Lebanese, Middle Eastern",Jeddah,3.5,28
1025,India Gate Restaurant ,"Indian, Asian",Makkah,4.0,22
1026,Jewel of Nizam Restaurant ,Indian,Jeddah,4.5,18
1027,Asmak Tharaa Seafood Restaurant ,"Arabic, Middle Eastern",Jeddah,4.0,27
1028,The Orchid Restaurant ,International,Makkah,4.5,7
1029,Narjes Tea Lounge ,International,Makkah,4.0,4
1030,Emirgan Sutis Turkish Restaurant ,Turkish,Riyadh,4.5,31
1031,Baladi Restaurant ,"Arabic, Middle Eastern",Jeddah,4.0,31
1032,Astro Lounge ,"Breakfast, Cafe, Coffee & Tea",Jeddah,4.5,9
1033,Al Salam Grill ,"Bakery, Barbeque & Grill, Takeout",Jeddah,4.0,42
1034,Too Sweet ,"Cafe, Coffee & Tea, Desserts",Jeddah,4.5,8
1035,Atrium Cafe ,"Cafe, Coffee & Tea, Desserts",Makkah,4.0,53
1036,Al Dakkah by Duniaty Hall ,"Egyption, Arabic, International",Jeddah,4.5,29
1037,C5 Piece N Half ,"Arabic, Middle Eastern",Jeddah,4.0,19
1038,Bayan Al Tazej ,American,Jeddah,4.5,9
1039,Giovanni L,"Cafe, Coffee & Tea, Desserts",Al Khobar,4.0,14
1040,Soul Kitchen ,International,Al Khobar,3.5,28
1041,Shortcut,"Breakfast, Cafe, Coffee & Tea",Al Khobar,4.0,13
1042,Hara Masria ,Egyption,Riyadh,4.5,17
1043,Royal Malabar ,Indian,Al Khobar,4.0,19
1044,Sum + Things ,International,Riyadh,4.5,23
1045,The Oasis ,International,Makkah,4.0,2
1046,Benihana Japanese Steakhouse ,Japanese,Riyadh,4.5,21
1047,Tacoville ,Mexican,Riyadh,4.0,23
1048,Maraya Social by Chef Jason Atherton ,"Arabic, Mediterranean, Middle Eastern",AlUla,4.5,21
1049,Ferdi ,French,Riyadh,4.0,21
1050,Mr Chow ,Chinese,Riyadh,4.5,28
1051,Villa Fayrouz ,Lebanese,AlUla,4.0,7
1052,LAOF ,"Breakfast, Brunch",Riyadh,4.5,5
1053,The Creek Restaurant ,International,Jeddah,4.0,19
1054,MS Shrimp ,Seafood,Jeddah,4.5,8
1055,Karamna ,"Lebanese, Middle Eastern",Jeddah,4.0,20
1056,C Hub ,"Cafe, Coffee & Tea, Desserts",Jeddah,4.5,15
1057,Cafe Student ,Pakistani,Jeddah,4.0,4
1058,Chef Station ,"International, Pakistani",Jeddah,4.5,4
1059,Leila Min Lebanon ,Lebanese,Riyadh,4.0,5
1060,Kayzo by Myazu ,Japanese,Riyadh,4.5,5
1061,La Rustica Terrazza ,Italian,Riyadh,4.0,5
1062,Walton St. Scalini Italian Restaurant ,Italian,Riyadh,4.5,29
1063,Cipriani Italian & Japanese Restaurant ,"Italian, Japanese",Riyadh,4.0,36
1064,Shiro Chinese Japanese Restaurant,"Chinese, Japanese",Riyadh,4.5,44
1065,The Moghul Room ,Indian,Madinah,4.0,25
1066,Steak House American Restaurant ,American,Madinah,4.5,40
1067,Ginger Leaf Indian Restaurant ,"International, Indian",Jeddah,3.9,21
1068,Burger Valley  American Restaurant ,American,Madinah,3.5,24
1069,Ahad Abdullah Cafe & Restaurant ,"Arabic, Spanish, Turkish",Makkah,3.9,46
1070,Il Monzo Italian Restaurant  ,Italian,Makkah,3.5,20
1071,Tabbakh Spicy Restaurant and Grill ,"Arabic, Indian, Pakistani",Jazan,3.9,34
1072,Saraya Latif Turkish Restaurant ,Turkish,Jeddah,3.5,38
1073,Pandemic Coffee Shop and Cafe ,"Arabic, International",Riyadh,3.9,37
1074,Durrat China Restaurant ,Chinese,Riyadh,3.5,39
1075,David Burke Restaurant ,"American, International",Riyadh,3.9,20
1076,Awal & Tali Restaurant ,Arabic,Makkah,3.5,36
1077,Shrimp Zone Restaurant,Seafood,Makkah,3.9,30
1078,Steak House American Restaurant ,"American, Mexican",Jeddah,3.5,60
1079,Sabroso Mexican Restaurant ,Mexican,Dammam,3.9,26
1080,On Off Artisanal Donut Cafe ,"Cafe, Coffee & Tea, Desserts",Al Khobar,3.5,45
1081,Beano Bake House Cafe ,"Bakery, Breakfast, Coffee & Tea",Al Khobar,3.9,27
1082,Plank Sourdough Pizza ,"International, Italian",Riyadh,3.5,42
1083,American Burger Restaurant ,American,Makkah,3.9,45
1084,Fiori Lounge Restaurant ,International,Jeddah,3.5,13
1085,Villa Palma Mediterranean Restaurant ,"Greek, Italian",Riyadh,3.9,22
1086,Cherry Rose Cafe and Lounge ,"Cafe, Coffee & Tea, Desserts",Makkah,3.5,18
1087,Maru Cafe and Restaurant ,Italian,Makkah,3.9,30
1088,Paul Cafe and Restaurant,"French, International",Dhahran,3.5,20
1089,3rd Floor Coffee ,International,Riyadh,3.9,32
1090,Steak House American Restaurant ,"American, International",Dammam,3.5,36
1091,Sushi Yoshi ,Japanese,Jeddah,3.9,41
1092,C & D Coffee and Dessert ,"Cafe, Coffee & Tea, Desserts",Makkah,3.5,34
1093,Reefaf Al Mashaer Restaurant ,Arabic,Makkah,3.9,21
1094,Burgerfuel ,International,Dhahran,3.5,37
1095,Mamma Bunz Cafe ,"Cafe, Coffee & Tea, Desserts",Makkah,3.9,53
1096,Yeet Restaurant,American,Makkah,3.5,27
1097,Babu Lal Indian Restaurant ,Indian,Jeddah,3.9,31
1098,The Plan ,"American, Mexican",Jeddah,3.5,41
1099,Laghmanto Bukhariya ,"Asian, Arabic",Makkah,3.9,36
1100,Surround Restaurant ,American,Jeddah,3.5,22
1101,Wagamama ,"Japanese, Asian",Jeddah,3.9,37
1102,Over Dose Cafe ,"Cafe, Coffee & Tea, Desserts",Jeddah,3.5,56
1103,Juice House ,"Arabic, American",Makkah,3.9,40
1104,Mystery Restaurant ,American,Dammam,3.5,21
1105,Saedi Fish Restaurant ,Arabic,Jeddah,3.9,24
1106,Cafe Intl ,"Cafe, Coffee & Tea, Desserts",Jeddah,3.5,41
1107,Bana Pâté ,"Cafe, Coffee & Tea, Desserts",Jeddah,3.9,17
1108,Sub Sandwich Station ,American,Makkah,3.5,10
1109,N5 Coffee ,"Cafe, Coffee & Tea, Desserts",Madinah,3.9,18
1110,Johnny Rockets ,American,Jeddah,3.5,27
1111,Assaraya Turkish Restaurant ,"Middle Eastern, Turkish",Riyadh,3.9,33
1112,Mado Restaurant  ,"Turkish, Middle Eastern",Jeddah,3.5,37
1113,Bar Bq Tonight ,Indian,Jeddah,3.9,32
1114,Cofféa Coffee Shop ,International,Riyadh,3.5,29
1115,Holi Indian Restaurant ,Indian,Jeddah,3.9,31
1116,Esquires Coffee ,"Breakfast, Cafe, Coffee & Tea",Jeddah,3.5,36
1117,Le Voyageur ,International,Jeddah,3.9,23
1118,Onza Cafe ,International,Makkah,3.5,7
1119,Zaatar W Zeit ,"Lebanese, Middle Eastern",Jeddah,3.9,44
1120,F8 Lounge ,International,Jeddah,3.5,15
1121,Key Cafe ,"Cafe, Coffee & Tea, Desserts",Jeddah,3.9,37
1122,Daiki Japenese Restaurant ,"Japanese, Asian",Jeddah,3.5,21
1123,Joe's Cafe ,"Italian, International",Jeddah,3.9,19
1124,Kamikaz Lounge ,"American, International",Jeddah,3.5,33
1125,66 Cups ,"Bakery, Breakfast, Cafe",Jeddah,3.9,17
1126,7 Box Noodles and Rice ,"Asian, Chinese",Makkah,3.5,20
1127,S Cafe ,"Cafe, Coffee & Tea, Desserts",Riyadh,3.9,17
1128,Beit Al Sultan Cafe ,"Cafe, Coffee & Tea, Desserts",Makkah,3.5,26
1129,Nopa Restaurant ,American,Riyadh,3.9,21
1130,BRNX Pizza ,"American, Italian",Al Khobar,3.5,34
1131,The Globe Restaurant ,"American, French, International",Riyadh,3.9,19
1132,Mamo Michelangelo ,Italian,Riyadh,3.5,34
1133,Smokey House ,American,Riyadh,3.9,21
1134,Del Mar Seafood Restaurant ,Seafood,Riyadh,3.5,10
1135,Babulal ,Indian,Riyadh,3.9,15
1136,The Grill ,"American, International",Riyadh,3.5,18
1137,Patisserie Mo Mashat ,"Bakery, Cafe, Coffee & Tea",Jeddah,3.9,8
1138,The Morning Call ,"Breakfast, Brunch",Jeddah,3.5,14
1139,Ruma Jawa ,Indonesian,Jeddah,3.9,15
1140,Grand Sapphire Indian Restaurant ,,Jeddah,3.5,16
1141,The Hub ,"International, Mediterranean",Jeddah,3.9,28
1142,Sagar Indian Restaurant ,Indian,Jeddah,3.5,33
1143,Ewan Restaurant ,"International, Asian, Vegetarian",Jeddah,3.9,13
1144,Lobby Lounge Cafe ,"Cafe, Coffee & Tea, Desserts",Jeddah,3.5,38
1145,Calzone La Mjdolanty ,Italian,Jeddah,3.9,21
1146,Tim Coffee ,"Cafe, Coffee & Tea, Desserts",Jeddah,3.5,38
1147,Ocean Restaurant ,"American, Arabic, International",Al Khobar,3.9,23
1148,San Carlo Cicchetti ,"Gluten Free Option, Italian, Vegetarian",Riyadh,3.5,44
1149,Masami Sushi Japanese Restaurant,Japanese,Riyadh,3.9,55
1150,Greek Restaurant,Greek,Madinah,3.5,32
1151,The Shrimp Factory Seafood,"Barbeque & Grill, Desserts, Juice Bar",Madinah,3.9,56
1152,Baba Khan Indian Restaurant ,Indian,Jeddah,3.5,36
1153,Naan Indian Restaurant ,Indian,Jeddah,3.8,24
1154,Trend American Restaurant ,American,Makkah,3.5,42
1155,Izomi Japanese Restaurant ,Japanese,Madinah,3.8,21
1156,Ashbiz Restaurant ,Arabic,Makkah,3.5,37
1157,American Corner Restaurant ,"American, International",Jeddah,3.8,35
1158,Four Points By Sheraton Restaurant ,International,Makkah,3.5,58
1159,Violet Hotel Restaurant,International,Makkah,3.8,54
1160,Turkish Almazaq Restaurant ,Turkish,Makkah,3.5,21
1161,Ram2ni Turkish Restaurant ,Turkish,Makkah,3.8,32
1162,Cho Cafe ,"Bakery, Barbeque & Grill, Cafe",Makkah,3.5,12
1163,Al,International,Jeddah,3.8,40
1164,The Lunchbox Indian Restaurant ,Indian,Al Khobar,3.5,35
1165,A+ Pizza ,"American, Italian",Madinah,3.8,30
1166,Route 66 Restaurant ,"Italian, American",Taif,3.5,22
1167,Hijaz Kitchens and Restaurant ,Arabic,Makkah,3.8,38
1168,Aljadeed Alhadeeth Restaurant ,Pakistani,Jeddah,3.5,44
1169,Punjabi restaurant  ,"Indian, Spanish",Jeddah,3.8,39
1170,Larosa Cafe ,"Cafe, Coffee & Tea, Desserts",Makkah,3.5,30
1171,Esso Coffee ,"Bakery, Breakfast, Cafe",Jeddah,3.8,47
1172,Grayrose Cafe ,"Cafe, Coffee & Tea, Desserts",Makkah,3.5,9
1173,Mama Rabab Seafood ,Arabic,Al Khobar,3.8,33
1174,Ariba lounge ,International,Jeddah,3.5,48
1175,Taverna Greek Restaurant ,Greek,Al Khobar,3.8,16
1176,Stita Restaurant ,Arabic,Jeddah,3.5,18
1177,Mark Cafe ,"Bakery, Cafe, Coffee & Tea",Makkah,3.8,21
1178,Ryan's Burger ,American,Jeddah,3.5,29
1179,Four Seasons ,Indian,Jeddah,3.8,25
1180,All Time Cafe ,"Cafe, Coffee & Tea, Desserts",Makkah,3.5,12
1181,Big Bun ,American,Al Khobar,3.8,17
1182,Sapphire Family Restaurant ,Indian,Jeddah,3.5,33
1183,Sultan Delight Burger ,American,Makkah,3.8,41
1184,Makany Cafe ,"Cafe, Coffee & Tea, Desserts",Makkah,3.5,24
1185,Paul Cafe and Restaurant ,French,Jeddah,3.8,42
1186,Brulee Bakery and Cafe ,"International, Vegetarian",Madinah,3.5,25
1187,Shobak Restaurant ,,Jeddah,3.8,31
1188,The Tea House ,International,Madinah,3.5,20
1189,Burgerizzr ,American,Jeddah,3.8,53
1190,Lounge 99 ,"American, Arabic",Makkah,3.5,26
1191,Layers Burger Restaurant ,American,Jeddah,3.8,34
1192,Al Hanim ,American,Makkah,3.5,11
1193,Chorisia Lounge ,International,Riyadh,3.8,12
1194,Emperator Shawarma ,Arabic,Riyadh,3.5,33
1195,Zamakan Cafe ,"Cafe, Coffee & Tea, Desserts",Riyadh,3.8,19
1196,Dayeetna ,"Arabic, Lebanese, Middle Eastern",Riyadh,3.5,18
1197,Lobby Cafe ,"Cafe, Coffee & Tea, Desserts",Madinah,3.8,35
1198,Sarabeth's ,"American, International",Riyadh,3.5,37
1199,Dr Cafe Alakaber ,"Cafe, Coffee & Tea, Desserts",AlUla,3.8,12
1200,Deewaan Restaurant ,"Pakistani, Asian",Riyadh,3.5,24
1201,L'Ami Dave ,French,Riyadh,3.8,15
1202,Lasera Lounge ,"Cafe, Coffee & Tea, Desserts",Jeddah,3.5,9
1203,Vapiano ,Italian,Jeddah,3.8,16
1204,Nilofar Park Restaurant ,International,AlUla,3.5,6
1205,Toastable ,"Breakfast, Brunch",Riyadh,3.8,6
1206,Ed's Tacos ,Mexican,Jeddah,3.5,26
1207,Al Ansar Restaurant ,International,Madinah,3.8,11
1208,Fuddruckers American Restaurant,"Barbeque & Grill, Cafe, Desserts",Madinah,3.5,32
1209,Chicken Republic Burger & Grill Restaurant ,"American, Arabic, International",Jeddah,3.8,33
1210,Paros Greek Restaurant ,"Greek, International",Riyadh,3.5,47
1211,Beeves Burger & Steak House ,"Arabic, International",Riyadh,3.8,27
1212,Le Moulin Kitchen French Cafe ,"French, International",Riyadh,3.5,27
1213,Yabrud Turkish Restaurant ,"American, Turkish, Arabic",Makkah,3.7,22
1214,MB Coffee Cafe ,"Cafe, Coffee & Tea, Desserts",Makkah,3.5,15
1215,Mizo Island Restaurant ,"American, International, Italian",Al Khobar,3.7,35
1216,Mamo Fresh Milk Bar Cafe,"Cafe, Coffee & Tea, Desserts",Makkah,3.5,35
1217,Oya Japanese Restaurant ,Japanese,Riyadh,3.7,25
1218,Le Meridien Towers Hotel Restaurant ,"Middle Eastern, Morrocan",Makkah,3.5,77
1219,Dunk N Dip Cafe ,"Cafe, Coffee & Tea, Desserts",Makkah,3.7,34
1220,New Diamond Chinese Restaurant,Chinese,Makkah,3.5,20
1221,Ola Cafe and Burger ,"Bakery, Cafe, Coffee & Tea",Makkah,3.7,13
1222,Steak House Burgers ,"American, International",Jeddah,3.5,39
1223,Angelina Cafe and Restaurant,French,Jeddah,3.7,23
1224,Gulf Chinese Restaurant ,Chinese,Jeddah,3.5,39
1225,Graffiti Burger ,American,Jeddah,3.7,25
1226,Novel Cafe & Restaurant ,International,Jeddah,3.5,28
1227,Spinzer Lasani ,"Chinese, Indian, Pakistani",Jeddah,3.7,33
1228,Lub Cafe and Bakery ,"Cafe, Coffee & Tea, Desserts",Madinah,3.5,40
1229,Felzy Restaurant & Lounge ,"American, International, Italian",Riyadh,3.7,23
1230,Case De Camrones ,"American, International",Jeddah,3.5,6
1231,Nay Restaurant and Cafe ,"International, Middle Eastern",Jeddah,3.7,16
1232,Burgoes ,American,Jeddah,3.5,18
1233,Diwaniah Restaurant ,"International, Asian",Makkah,3.7,56
1234,SeaGulls' Catch Restaurant ,Arabic,Jeddah,3.5,19
1235,Mazaj Cafe ,"American, International",Makkah,3.7,42
1236,Al Awali Restaurant ,"International, Arabic",Makkah,3.5,6
1237,Smash Burger ,American,Jeddah,3.7,28
1238,Yildizlar Lebanese Restaurant ,"Lebanese, Middle Eastern",Jeddah,3.5,31
1239,Zamzam Restaurant ,"Asian, International",Makkah,3.7,52
1240,Amo Hamza ,"Barbeque & Grill, Seafood, Takeout",Jeddah,3.5,24
1241,Mumbo Restaurant ,American,Jeddah,3.7,27
1242,Portofino Italian Restaurant ,Italian,Jeddah,3.5,23
1243,Broasted Al Koukh ,"Arabic, American",Riyadh,3.7,15
1244,Eydaam Restaurant ,Arabic,Al Khobar,3.5,19
1245,Kahve Dunyasi ,"Cafe, Coffee & Tea, Desserts",Makkah,3.7,13
1246,Mexika Restaurant ,Mexican,Riyadh,3.5,35
1247,Mizo Eatery ,"American, International, Italian",Riyadh,3.7,24
1248,CHA ,"Cafe, Coffee & Tea, Desserts",Riyadh,3.5,17
1249,Malas Kuwait ,"Arabic, Kuwaiti",Riyadh,3.7,7
1250,Guaka ,Mexican,Jeddah,3.5,9
1251,Koshary El Tahrir ,Egyption,Makkah,3.7,21
1252,Kyoto Japanese Restaurant ,Japanese,Madinah,3.5,29
1253,Tokushi Japanese Restaurant,Japanese,Madinah,3.7,29
1254,Lo Renza Restaurant and Desserts ,International,Madinah,3.5,42
1255,Shake Shack Restaurant,"American, International",Jeddah,3.6,26
1256,Bonnon Cafe ,"American, Arabic, International",Jazan,3.5,14
1257,Chili's American Restaurant ,"American, International",Jeddah,3.6,39
1258,Zaroob Restaurant ,"Arabic, Middle Eastern, Lebanese",Jeddah,3.5,26
1259,Anjappar Chettinad Indian Restaurant ,"Indian, Vegetarian",Jeddah,3.6,49
1260,Shaghf Cafe ,"Cafe, Coffee & Tea, Desserts",Makkah,3.5,20
1261,Shrimp Nation ,"American, International",Dammam,3.6,27
1262,Mumtaz Restaurant ,"Bakery, Barbeque & Grill, Breakfast",Makkah,3.5,40
1263,MA Cafe ,Italian,Jeddah,3.6,28
1264,Nosh Lounge ,"Breakfast, Cafe, Coffee & Tea",Jeddah,3.5,21
1265,Ghazal Restaurant ,"International, Lebanese, Italian",Jeddah,3.6,24
1266,Khana Khazana ,Indian,Jeddah,3.5,44
1267,Briar Cafe and Tea Room ,"Bakery, Breakfast, Cafe",Dammam,3.6,26
1268,Al Safy Restaurant & Cafe ,"Lebanese, International, Middle Eastern",Taif,3.5,19
1269,Chili’s American Restaurant ,American,Dhahran,3.6,62
1270,Olio Restaurant ,Italian,Al Khobar,3.5,16
1271,Maqadeer ,"Arabic, Middle Eastern",Jeddah,3.6,33
1272,Sbarro ,American,Makkah,3.5,25
1273,Haneeth ,"Arabic, Middle Eastern",Jeddah,3.6,26
1274,The Pizza Company ,"American, Italian",Riyadh,3.5,28
1275,Lobby Cafe ,"Cafe, Coffee & Tea, Desserts",Makkah,3.6,37
1276,Zoud Restaurant ,"Arabic, Middle Eastern",Jeddah,3.5,18
1277,Asian Restaurant ,Asian,Makkah,3.6,17
1278,Mughal Restaurant ,Pakistani,Al Khobar,3.5,20
1279,Cafe de L'esplanade ,French,Riyadh,3.6,21
1280,Beit Wared ,,Madinah,3.5,24
1281,Riverfish ,Seafood,Riyadh,3.6,8
1282,Draft Cafe ,"Cafe, Coffee & Tea, Desserts",Riyadh,3.5,10
1283,Tetra Pizza ,Italian,AlUla,3.6,8
1284,Red Chillies ,Pakistani,Jeddah,3.5,23
1285,Andalusia Restaurant ,"Arabic, International, Middle Eastern",Jeddah,3.6,14
1286,La Mode Cafe,"Cafe, Coffee & Tea, Desserts",Jeddah,3.5,14
1287,Tim Hortons ,"Cafe, Coffee & Tea, Desserts",Jeddah,3.6,45
1288,Slyde ,International,Riyadh,3.5,5
1289,Al Salam Restaurant ,International,Madinah,3.6,17
1290,Route 66 Restaurant ,American,Makkah,3.5,25
1291,Jyia Indian Restaurant ,Indian,Jazan,3.6,13
1292,Dunk N Dip Cafe ,International,Jeddah,3.5,26
1293,Maqam Cafe ,"Arabic, Turkish",Makkah,3.6,21
1294,Seashells Restaurant ,"Bakery, Barbeque & Grill, Desserts",Makkah,3.5,22
1295,Village Restaurants ,Arabic,Makkah,3.6,42
1296,La Casa Pasta ,Italian,Dammam,3.5,34
1297,Addiction Cafe ,"Bakery, Breakfast, Cafe",Jeddah,3.5,36
1298,Cinnabon ,"Cafe, Coffee & Tea, Desserts",Makkah,3.5,40
1299,Achaar Indian Restaurant ,Indian,Jeddah,3.5,21
1300,Shezan Indian Restaurant ,Indian,Jeddah,3.5,44
1301,Taj Mahal Palace ,Indian,Jeddah,3.5,19
1302,Masami Sushi Japanese Restaurant ,"Asian, Japanese",Dammam,3.5,32
1303,Panino's ,Italian,Jeddah,3.5,34
1304,Rabbah ,Seafood,Jeddah,3.5,20
1305,Burgerizzr ,American,Makkah,3.5,22
1306,Afraa Cafe ,"Cafe, Coffee & Tea, Desserts",Makkah,3.5,20
1307,Shuail Inn Lounge,"Coffee & Tea, Desserts, Juice Bar",Makkah,3.5,13
1308,Manahi Restaurant ,Arabic,Jeddah,3.5,19
1309,Yalla Chapa Tea ,Indian,Jeddah,3.5,24
1310,Famous Burger ,American,Jeddah,3.5,22
1311,Sushi Gallery ,Japanese,Dammam,3.5,10
1312,Asian Ocean Restaurant ,"Chinese, Indonesian, Japanese",Jeddah,3.5,51
1313,Jmeed Cafe and Lounge ,"Arabic, Italian",Madinah,3.5,15
1314,Spice Market Restaurant ,"Asian, International, Mediterranean",Makkah,3.5,8
1315,Firdous Restaurant ,Pakistani,Makkah,3.5,32
1316,La Casa Pasta ,Italian,Al Khobar,3.5,29
1317,Novikov ,"Italian, Japanese",AlUla,3.5,6
1318,Cwtch ,"French, International, Mediterranean",Jeddah,3.5,19
1319,Lghawees ,American,Jeddah,3.5,43
1320,Mado ,"Turkish, Middle Eastern",Makkah,3.5,57
1321,Shahzad Mahal Indian Restaurant ,Indian,Madinah,3.4,31
1322,Chef Restaurant ,American,Madinah,3.5,31
1323,Golden Drop Cafe ,"Arabic, Egyption, Lebanese",Jazan,3.4,12
1324,The Porch Cafe ,International,Madinah,3.5,24
1325,Laffa Restaurant ,Shwarma,Makkah,3.4,28
1326,Dhifah Indian Restaurant ,Indian,Riyadh,3.5,34
1327,La Dolce Vita Italian Cafe,Italian,Jeddah,3.4,32
1328,Ashwag Turkish Restaurant ,"Turkish, Middle Eastern",Jeddah,3.5,33
1329,Tea Lounge ,International,Makkah,3.4,10
1330,Crosta Bianca ,"Cafe, Coffee & Tea, Desserts",Makkah,3.5,9
1331,Karak Muder ,"Indian, Middle Eastern",Jeddah,3.4,12
1332,Byblos Restaurant ,"Lebanese, Mediterranean",Jeddah,3.5,37
1333,Palais des Délices ,French,Riyadh,3.4,5
1334,Sliced ,Turkish,Jeddah,3.5,8
1335,Hyderabad House Indian Restaurant ,Indian,Madinah,3.4,43
1336,The Tea Garden ,International,Madinah,3.5,47
1337,Road 40 Restaurant ,American,Makkah,3.4,13
1338,Life With Cacao Cafe ,"Cafe, Desserts, Coffee & Tea",Riyadh,3.5,33
1339,Holiday Inn Buffet Restaurant ,"French, International, Italian",Makkah,3.4,48
1340,Albani Dar Bar Indian Restaurant ,Indian,Makkah,3.5,24
1341,50 Gram Speciality Coffee ,"Cafe, Coffee & Tea, Desserts",Jeddah,3.4,13
1342,Zaatar W Zeit ,Middle Eastern,Dammam,3.5,32
1343,Najd Cafe ,"American, International",Madinah,3.4,12
1344,Impala Doner ,Arabic,Makkah,3.5,23
1345,Zatoonay Restaurant ,International,Jeddah,3.3,31
1346,Al Sayyadiyah Resturant ,Arabic,Jeddah,3.5,30
1347,Lobby Cafe  ,"Cafe, Coffee & Tea, Desserts",Makkah,3.3,43
1348,Bamboo Cafe ,"Cafe, Coffee & Tea, Desserts",Riyadh,3.5,8
1349,Bayaz ,"Arabic, Mediterranean",Riyadh,3.3,11
1350,9 Mile ,"Shwarma, Steakhouse",Riyadh,3.5,23
1351,Mathaq ,"Armenian, American",AlUla,3.3,11
1352,Town Restaurant ,International,Jeddah,3.5,9
1353,Denden Indonesian Restaurant ,Indonesian,Jeddah,3.3,24
1354,Lobby Lounge Cafe ,"Cafe, Coffee & Tea, Desserts",Jeddah,3.5,21
1355,Vay Vay Vay Steakhouse ,"American, Italian",Jeddah,3.3,20
1356,Merkaz Lounge Arabic Restaurant,Arabic,Riyadh,3.5,42
1357,Al Sanabel Turkish Restaurant ,"Arabic, Middle Eastern, Turkish",Madinah,3.3,39
1358,Menahi Arabic Restaurant ,Arabic,Makkah,3.5,26
1359,Bundoo Khan Restaurant ,Pakistani,Al Khobar,3.3,41
1360,Bursa Iskender Turkish Restaurant ,"Turkish, Vegetarian",Makkah,3.5,23
1361,The roof lounge ,"American, Italian",Jeddah,3.3,16
1362,5A Coffee Shop ,"Cafe, Coffee & Tea, Desserts",Makkah,3.5,17
1363,Atyab Alzad ,Turkish,Jeddah,3.3,24
1364,Fun Time Pizza ,American,Makkah,3.5,24
1365,Al Marwa Restaurant  ,"International, Vegetarian",Makkah,3.3,42
1366,Mink Restaurant ,"International, Italian",Riyadh,3.5,26
1367,Park Inn By Radisson Restaurant ,"American, Arabic, Italian",Makkah,3.2,44
1368,Tikka Express Indian Restaurant ,Indian,Jeddah,3.5,31
